route,viewport_width,passed,visible_images,overflow_px,page_exceptions,console_errors,source_commit,workflow_run
/,320,True,16,0,0,0,402275ed2355b4de73e0f7d71330a7c0252ec51f,34523180743
/,390,True,16,0,0,0,402275ed2355b4de73e0f7d71330a7c0252ec51f,34523180743
/,430,True,16,0,0,0,402275ed2355b4de73e0f7d71330a7c0252ec51f,34523180743
/,600,True,16,0,0,0,402275ed2355b4de73e0f7d71330a7c0252ec51f,34523180743
/,768,True,16,0,0,0,402275ed2355b4de73e0f7d71330a7c0252ec51f,34523180743
/,1024,True,17,0,0,0,402275ed2355b4de73e0f7d71330a7c0252ec51f,34523180743
/,1366,True,17,0,0,0,402275ed2355b4de73e0f7d71330a7c0252ec51f,34523180743
/,1440,True,17,0,0,0,402275ed2355b4de73e0f7d71330a7c0252ec51f,34523180743
/,1920,True,17,0,0,0,402275ed2355b4de73e0f7d71330a7c0252ec51f,34523180743
/about,320,True,14,0,0,0,402275ed2355b4de73e0f7d71330a7c0252ec51f,34523180743
/about,390,True,14,0,0,0,402275ed2355b4de73e0f7d71330a7c0252ec51f,34523180743
/about,430,True,14,0,0,0,402275ed2355b4de73e0f7d71330a7c0252ec51f,34523180743
/about,600,True,14,0,0,0,402275ed2355b4de73e0f7d71330a7c0252ec51f,34523180743
/about,768,True,14,0,0,0,402275ed2355b4de73e0f7d71330a7c0252ec51f,34523180743
/about,1024,True,15,0,0,0,402275ed2355b4de73e0f7d71330a7c0252ec51f,34523180743
/about,1366,True,15,0,0,0,402275ed2355b4de73e0f7d71330a7c0252ec51f,34523180743
/about,1440,True,15,0,0,0,402275ed2355b4de73e0f7d71330a7c0252ec51f,34523180743
/about,1920,True,15,0,0,0,402275ed2355b4de73e0f7d71330a7c0252ec51f,34523180743
/areas,320,True,11,0,0,0,b3aec932d4273fb2db8d361e9fce504474de35fa,34520728076
/areas,390,True,11,0,0,0,b3aec932d4273fb2db8d361e9fce504474de35fa,34520728076
/areas,430,True,11,0,0,0,b3aec932d4273fb2db8d361e9fce504474de35fa,34520728076
/areas,600,True,11,0,0,0,b3aec932d4273fb2db8d361e9fce504474de35fa,34520728076
/areas,768,True,11,0,0,0,b3aec932d4273fb2db8d361e9fce504474de35fa,34520728076
/areas,1024,True,11,0,0,0,b3aec932d4273fb2db8d361e9fce504474de35fa,34520728076
/areas,1366,True,11,0,0,0,b3aec932d4273fb2db8d361e9fce504474de35fa,34520728076
/areas,1440,True,11,0,0,0,b3aec932d4273fb2db8d361e9fce504474de35fa,34520728076
/areas,1920,True,11,0,0,0,b3aec932d4273fb2db8d361e9fce504474de35fa,34520728076
/areas/boise,320,True,10,0,0,0,b3aec932d4273fb2db8d361e9fce504474de35fa,34520728076
/areas/boise,390,True,10,0,0,0,b3aec932d4273fb2db8d361e9fce504474de35fa,34520728076
/areas/boise,430,True,10,0,0,0,b3aec932d4273fb2db8d361e9fce504474de35fa,34520728076
/areas/boise,600,True,10,0,0,0,b3aec932d4273fb2db8d361e9fce504474de35fa,34520728076
/areas/boise,768,True,10,0,0,0,b3aec932d4273fb2db8d361e9fce504474de35fa,34520728076
/areas/boise,1024,True,10,0,0,0,b3aec932d4273fb2db8d361e9fce504474de35fa,34520728076
/areas/boise,1366,True,10,0,0,0,b3aec932d4273fb2db8d361e9fce504474de35fa,34520728076
/areas/boise,1440,True,10,0,0,0,b3aec932d4273fb2db8d361e9fce504474de35fa,34520728076
/areas/boise,1920,True,10,0,0,0,b3aec932d4273fb2db8d361e9fce504474de35fa,34520728076
/areas/caldwell,320,True,4,0,0,0,b3aec932d4273fb2db8d361e9fce504474de35fa,34520728076
/areas/caldwell,390,True,4,0,0,0,b3aec932d4273fb2db8d361e9fce504474de35fa,34520728076
/areas/caldwell,430,True,4,0,0,0,b3aec932d4273fb2db8d361e9fce504474de35fa,34520728076
/areas/caldwell,600,True,4,0,0,0,b3aec932d4273fb2db8d361e9fce504474de35fa,34520728076
/areas/caldwell,768,True,4,0,0,0,b3aec932d4273fb2db8d361e9fce504474de35fa,34520728076
/areas/caldwell,1024,True,4,0,0,0,b3aec932d4273fb2db8d361e9fce504474de35fa,34520728076
/areas/caldwell,1366,True,4,0,0,0,b3aec932d4273fb2db8d361e9fce504474de35fa,34520728076
/areas/caldwell,1440,True,4,0,0,0,b3aec932d4273fb2db8d361e9fce504474de35fa,34520728076
/areas/caldwell,1920,True,4,0,0,0,b3aec932d4273fb2db8d361e9fce504474de35fa,34520728076
/areas/eagle,320,True,8,0,0,0,b3aec932d4273fb2db8d361e9fce504474de35fa,34520728076
/areas/eagle,390,True,8,0,0,0,b3aec932d4273fb2db8d361e9fce504474de35fa,34520728076
/areas/eagle,430,True,8,0,0,0,b3aec932d4273fb2db8d361e9fce504474de35fa,34520728076
/areas/eagle,600,True,8,0,0,0,b3aec932d4273fb2db8d361e9fce504474de35fa,34520728076
/areas/eagle,768,True,8,0,0,0,b3aec932d4273fb2db8d361e9fce504474de35fa,34520728076
/areas/eagle,1024,True,8,0,0,0,b3aec932d4273fb2db8d361e9fce504474de35fa,34520728076
/areas/eagle,1366,True,8,0,0,0,b3aec932d4273fb2db8d361e9fce504474de35fa,34520728076
/areas/eagle,1440,True,8,0,0,0,b3aec932d4273fb2db8d361e9fce504474de35fa,34520728076
/areas/eagle,1920,True,8,0,0,0,b3aec932d4273fb2db8d361e9fce504474de35fa,34520728076
/areas/kuna,320,True,4,0,0,0,b3aec932d4273fb2db8d361e9fce504474de35fa,34520728076
/areas/kuna,390,True,4,0,0,0,b3aec932d4273fb2db8d361e9fce504474de35fa,34520728076
/areas/kuna,430,True,4,0,0,0,b3aec932d4273fb2db8d361e9fce504474de35fa,34520728076
/areas/kuna,600,True,4,0,0,0,b3aec932d4273fb2db8d361e9fce504474de35fa,34520728076
/areas/kuna,768,True,4,0,0,0,b3aec932d4273fb2db8d361e9fce504474de35fa,34520728076
/areas/kuna,1024,True,4,0,0,0,b3aec932d4273fb2db8d361e9fce504474de35fa,34520728076
/areas/kuna,1366,True,4,0,0,0,b3aec932d4273fb2db8d361e9fce504474de35fa,34520728076
/areas/kuna,1440,True,4,0,0,0,b3aec932d4273fb2db8d361e9fce504474de35fa,34520728076
/areas/kuna,1920,True,4,0,0,0,b3aec932d4273fb2db8d361e9fce504474de35fa,34520728076
/areas/meridian,320,True,11,0,0,0,b3aec932d4273fb2db8d361e9fce504474de35fa,34520728076
/areas/meridian,390,True,11,0,0,0,b3aec932d4273fb2db8d361e9fce504474de35fa,34520728076
/areas/meridian,430,True,11,0,0,0,b3aec932d4273fb2db8d361e9fce504474de35fa,34520728076
/areas/meridian,600,True,11,0,0,0,b3aec932d4273fb2db8d361e9fce504474de35fa,34520728076
/areas/meridian,768,True,11,0,0,0,b3aec932d4273fb2db8d361e9fce504474de35fa,34520728076
/areas/meridian,1024,True,11,0,0,0,b3aec932d4273fb2db8d361e9fce504474de35fa,34520728076
/areas/meridian,1366,True,11,0,0,0,b3aec932d4273fb2db8d361e9fce504474de35fa,34520728076
/areas/meridian,1440,True,11,0,0,0,b3aec932d4273fb2db8d361e9fce504474de35fa,34520728076
/areas/meridian,1920,True,11,0,0,0,b3aec932d4273fb2db8d361e9fce504474de35fa,34520728076
/areas/middleton,320,True,4,0,0,0,b3aec932d4273fb2db8d361e9fce504474de35fa,34520728076
/areas/middleton,390,True,4,0,0,0,b3aec932d4273fb2db8d361e9fce504474de35fa,34520728076
/areas/middleton,430,True,4,0,0,0,b3aec932d4273fb2db8d361e9fce504474de35fa,34520728076
/areas/middleton,600,True,4,0,0,0,b3aec932d4273fb2db8d361e9fce504474de35fa,34520728076
/areas/middleton,768,True,4,0,0,0,b3aec932d4273fb2db8d361e9fce504474de35fa,34520728076
/areas/middleton,1024,True,4,0,0,0,b3aec932d4273fb2db8d361e9fce504474de35fa,34520728076
/areas/middleton,1366,True,4,0,0,0,b3aec932d4273fb2db8d361e9fce504474de35fa,34520728076
/areas/middleton,1440,True,4,0,0,0,b3aec932d4273fb2db8d361e9fce504474de35fa,34520728076
/areas/middleton,1920,True,4,0,0,0,b3aec932d4273fb2db8d361e9fce504474de35fa,34520728076
/areas/nampa,320,True,7,0,0,0,b3aec932d4273fb2db8d361e9fce504474de35fa,34520728076
/areas/nampa,390,True,7,0,0,0,b3aec932d4273fb2db8d361e9fce504474de35fa,34520728076
/areas/nampa,430,True,7,0,0,0,b3aec932d4273fb2db8d361e9fce504474de35fa,34520728076
/areas/nampa,600,True,7,0,0,0,b3aec932d4273fb2db8d361e9fce504474de35fa,34520728076
/areas/nampa,768,True,7,0,0,0,b3aec932d4273fb2db8d361e9fce504474de35fa,34520728076
/areas/nampa,1024,True,7,0,0,0,b3aec932d4273fb2db8d361e9fce504474de35fa,34520728076
/areas/nampa,1366,True,7,0,0,0,b3aec932d4273fb2db8d361e9fce504474de35fa,34520728076
/areas/nampa,1440,True,7,0,0,0,b3aec932d4273fb2db8d361e9fce504474de35fa,34520728076
/areas/nampa,1920,True,7,0,0,0,b3aec932d4273fb2db8d361e9fce504474de35fa,34520728076
/areas/star,320,True,4,0,0,0,b3aec932d4273fb2db8d361e9fce504474de35fa,34520728076
/areas/star,390,True,4,0,0,0,b3aec932d4273fb2db8d361e9fce504474de35fa,34520728076
/areas/star,430,True,4,0,0,0,b3aec932d4273fb2db8d361e9fce504474de35fa,34520728076
/areas/star,600,True,4,0,0,0,b3aec932d4273fb2db8d361e9fce504474de35fa,34520728076
/areas/star,768,True,4,0,0,0,b3aec932d4273fb2db8d361e9fce504474de35fa,34520728076
/areas/star,1024,True,4,0,0,0,b3aec932d4273fb2db8d361e9fce504474de35fa,34520728076
/areas/star,1366,True,4,0,0,0,b3aec932d4273fb2db8d361e9fce504474de35fa,34520728076
/areas/star,1440,True,4,0,0,0,b3aec932d4273fb2db8d361e9fce504474de35fa,34520728076
/areas/star,1920,True,4,0,0,0,b3aec932d4273fb2db8d361e9fce504474de35fa,34520728076
/blog,320,True,78,0,0,0,b3aec932d4273fb2db8d361e9fce504474de35fa,34520728076
/blog,390,True,78,0,0,0,b3aec932d4273fb2db8d361e9fce504474de35fa,34520728076
/blog,430,True,78,0,0,0,b3aec932d4273fb2db8d361e9fce504474de35fa,34520728076
/blog,600,True,78,0,0,0,b3aec932d4273fb2db8d361e9fce504474de35fa,34520728076
/blog,768,True,78,0,0,0,b3aec932d4273fb2db8d361e9fce504474de35fa,34520728076
/blog,1024,True,78,0,0,0,b3aec932d4273fb2db8d361e9fce504474de35fa,34520728076
/blog,1366,True,78,0,0,0,b3aec932d4273fb2db8d361e9fce504474de35fa,34520728076
/blog,1440,True,78,0,0,0,b3aec932d4273fb2db8d361e9fce504474de35fa,34520728076
/blog,1920,True,78,0,0,0,b3aec932d4273fb2db8d361e9fce504474de35fa,34520728076
/blog/ada-vs-canyon-county-permit-timelines,320,True,4,0,0,0,b3aec932d4273fb2db8d361e9fce504474de35fa,34520728076
/blog/ada-vs-canyon-county-permit-timelines,390,True,4,0,0,0,b3aec932d4273fb2db8d361e9fce504474de35fa,34520728076
/blog/ada-vs-canyon-county-permit-timelines,430,True,4,0,0,0,b3aec932d4273fb2db8d361e9fce504474de35fa,34520728076
/blog/ada-vs-canyon-county-permit-timelines,600,True,4,0,0,0,b3aec932d4273fb2db8d361e9fce504474de35fa,34520728076
/blog/ada-vs-canyon-county-permit-timelines,768,True,4,0,0,0,b3aec932d4273fb2db8d361e9fce504474de35fa,34520728076
/blog/ada-vs-canyon-county-permit-timelines,1024,True,4,0,0,0,b3aec932d4273fb2db8d361e9fce504474de35fa,34520728076
/blog/ada-vs-canyon-county-permit-timelines,1366,True,4,0,0,0,b3aec932d4273fb2db8d361e9fce504474de35fa,34520728076
/blog/ada-vs-canyon-county-permit-timelines,1440,True,4,0,0,0,b3aec932d4273fb2db8d361e9fce504474de35fa,34520728076
/blog/ada-vs-canyon-county-permit-timelines,1920,True,4,0,0,0,b3aec932d4273fb2db8d361e9fce504474de35fa,34520728076
/blog/addition-roi-remodeling,320,True,4,0,0,0,b3aec932d4273fb2db8d361e9fce504474de35fa,34520728076
/blog/addition-roi-remodeling,390,True,4,0,0,0,b3aec932d4273fb2db8d361e9fce504474de35fa,34520728076
/blog/addition-roi-remodeling,430,True,4,0,0,0,b3aec932d4273fb2db8d361e9fce504474de35fa,34520728076
/blog/addition-roi-remodeling,600,True,4,0,0,0,b3aec932d4273fb2db8d361e9fce504474de35fa,34520728076
/blog/addition-roi-remodeling,768,True,4,0,0,0,b3aec932d4273fb2db8d361e9fce504474de35fa,34520728076
/blog/addition-roi-remodeling,1024,True,4,0,0,0,b3aec932d4273fb2db8d361e9fce504474de35fa,34520728076
/blog/addition-roi-remodeling,1366,True,4,0,0,0,b3aec932d4273fb2db8d361e9fce504474de35fa,34520728076
/blog/addition-roi-remodeling,1440,True,4,0,0,0,b3aec932d4273fb2db8d361e9fce504474de35fa,34520728076
/blog/addition-roi-remodeling,1920,True,4,0,0,0,b3aec932d4273fb2db8d361e9fce504474de35fa,34520728076
/blog/adu-cost-boise,320,True,4,0,0,0,b3aec932d4273fb2db8d361e9fce504474de35fa,34520728076
/blog/adu-cost-boise,390,True,4,0,0,0,b3aec932d4273fb2db8d361e9fce504474de35fa,34520728076
/blog/adu-cost-boise,430,True,4,0,0,0,b3aec932d4273fb2db8d361e9fce504474de35fa,34520728076
/blog/adu-cost-boise,600,True,4,0,0,0,b3aec932d4273fb2db8d361e9fce504474de35fa,34520728076
/blog/adu-cost-boise,768,True,4,0,0,0,b3aec932d4273fb2db8d361e9fce504474de35fa,34520728076
/blog/adu-cost-boise,1024,True,4,0,0,0,b3aec932d4273fb2db8d361e9fce504474de35fa,34520728076
/blog/adu-cost-boise,1366,True,4,0,0,0,b3aec932d4273fb2db8d361e9fce504474de35fa,34520728076
/blog/adu-cost-boise,1440,True,4,0,0,0,b3aec932d4273fb2db8d361e9fce504474de35fa,34520728076
/blog/adu-cost-boise,1920,True,4,0,0,0,b3aec932d4273fb2db8d361e9fce504474de35fa,34520728076
/blog/adu-guide-boise,320,True,4,0,0,0,b3aec932d4273fb2db8d361e9fce504474de35fa,34520728076
/blog/adu-guide-boise,390,True,4,0,0,0,b3aec932d4273fb2db8d361e9fce504474de35fa,34520728076
/blog/adu-guide-boise,430,True,4,0,0,0,b3aec932d4273fb2db8d361e9fce504474de35fa,34520728076
/blog/adu-guide-boise,600,True,4,0,0,0,b3aec932d4273fb2db8d361e9fce504474de35fa,34520728076
/blog/adu-guide-boise,768,True,4,0,0,0,b3aec932d4273fb2db8d361e9fce504474de35fa,34520728076
/blog/adu-guide-boise,1024,True,4,0,0,0,b3aec932d4273fb2db8d361e9fce504474de35fa,34520728076
/blog/adu-guide-boise,1366,True,4,0,0,0,b3aec932d4273fb2db8d361e9fce504474de35fa,34520728076
/blog/adu-guide-boise,1440,True,4,0,0,0,b3aec932d4273fb2db8d361e9fce504474de35fa,34520728076
/blog/adu-guide-boise,1920,True,4,0,0,0,b3aec932d4273fb2db8d361e9fce504474de35fa,34520728076
/blog/aging-in-place-bathroom-design,320,True,4,0,0,0,b3aec932d4273fb2db8d361e9fce504474de35fa,34520728076
/blog/aging-in-place-bathroom-design,390,True,4,0,0,0,b3aec932d4273fb2db8d361e9fce504474de35fa,34520728076
/blog/aging-in-place-bathroom-design,430,True,4,0,0,0,b3aec932d4273fb2db8d361e9fce504474de35fa,34520728076
/blog/aging-in-place-bathroom-design,600,True,4,0,0,0,b3aec932d4273fb2db8d361e9fce504474de35fa,34520728076
/blog/aging-in-place-bathroom-design,768,True,4,0,0,0,b3aec932d4273fb2db8d361e9fce504474de35fa,34520728076
/blog/aging-in-place-bathroom-design,1024,True,4,0,0,0,b3aec932d4273fb2db8d361e9fce504474de35fa,34520728076
/blog/aging-in-place-bathroom-design,1366,True,4,0,0,0,b3aec932d4273fb2db8d361e9fce504474de35fa,34520728076
/blog/aging-in-place-bathroom-design,1440,True,4,0,0,0,b3aec932d4273fb2db8d361e9fce504474de35fa,34520728076
/blog/aging-in-place-bathroom-design,1920,True,4,0,0,0,b3aec932d4273fb2db8d361e9fce504474de35fa,34520728076
/blog/backyard-transformations-boise,320,True,4,0,0,0,b3aec932d4273fb2db8d361e9fce504474de35fa,34520728076
/blog/backyard-transformations-boise,390,True,4,0,0,0,b3aec932d4273fb2db8d361e9fce504474de35fa,34520728076
/blog/backyard-transformations-boise,430,True,4,0,0,0,b3aec932d4273fb2db8d361e9fce504474de35fa,34520728076
/blog/backyard-transformations-boise,600,True,4,0,0,0,b3aec932d4273fb2db8d361e9fce504474de35fa,34520728076
/blog/backyard-transformations-boise,768,True,4,0,0,0,b3aec932d4273fb2db8d361e9fce504474de35fa,34520728076
/blog/backyard-transformations-boise,1024,True,4,0,0,0,b3aec932d4273fb2db8d361e9fce504474de35fa,34520728076
/blog/backyard-transformations-boise,1366,True,4,0,0,0,b3aec932d4273fb2db8d361e9fce504474de35fa,34520728076
/blog/backyard-transformations-boise,1440,True,4,0,0,0,b3aec932d4273fb2db8d361e9fce504474de35fa,34520728076
/blog/backyard-transformations-boise,1920,True,4,0,0,0,b3aec932d4273fb2db8d361e9fce504474de35fa,34520728076
/blog/basement-finishing-boise,320,True,4,0,0,0,b3aec932d4273fb2db8d361e9fce504474de35fa,34520728076
/blog/basement-finishing-boise,390,True,4,0,0,0,b3aec932d4273fb2db8d361e9fce504474de35fa,34520728076
/blog/basement-finishing-boise,430,True,4,0,0,0,b3aec932d4273fb2db8d361e9fce504474de35fa,34520728076
/blog/basement-finishing-boise,600,True,4,0,0,0,b3aec932d4273fb2db8d361e9fce504474de35fa,34520728076
/blog/basement-finishing-boise,768,True,4,0,0,0,b3aec932d4273fb2db8d361e9fce504474de35fa,34520728076
/blog/basement-finishing-boise,1024,True,4,0,0,0,b3aec932d4273fb2db8d361e9fce504474de35fa,34520728076
/blog/basement-finishing-boise,1366,True,4,0,0,0,b3aec932d4273fb2db8d361e9fce504474de35fa,34520728076
/blog/basement-finishing-boise,1440,True,4,0,0,0,b3aec932d4273fb2db8d361e9fce504474de35fa,34520728076
/blog/basement-finishing-boise,1920,True,4,0,0,0,b3aec932d4273fb2db8d361e9fce504474de35fa,34520728076
/blog/bathroom-layout-planning-guide,320,True,4,0,0,0,b3aec932d4273fb2db8d361e9fce504474de35fa,34520728076
/blog/bathroom-layout-planning-guide,390,True,4,0,0,0,b3aec932d4273fb2db8d361e9fce504474de35fa,34520728076
/blog/bathroom-layout-planning-guide,430,True,4,0,0,0,b3aec932d4273fb2db8d361e9fce504474de35fa,34520728076
/blog/bathroom-layout-planning-guide,600,True,4,0,0,0,b3aec932d4273fb2db8d361e9fce504474de35fa,34520728076
/blog/bathroom-layout-planning-guide,768,True,4,0,0,0,b3aec932d4273fb2db8d361e9fce504474de35fa,34520728076
/blog/bathroom-layout-planning-guide,1024,True,4,0,0,0,b3aec932d4273fb2db8d361e9fce504474de35fa,34520728076
/blog/bathroom-layout-planning-guide,1366,True,4,0,0,0,b3aec932d4273fb2db8d361e9fce504474de35fa,34520728076
/blog/bathroom-layout-planning-guide,1440,True,4,0,0,0,b3aec932d4273fb2db8d361e9fce504474de35fa,34520728076
/blog/bathroom-layout-planning-guide,1920,True,4,0,0,0,b3aec932d4273fb2db8d361e9fce504474de35fa,34520728076
/blog/bathroom-remodel-cost-boise,320,True,4,0,0,0,b3aec932d4273fb2db8d361e9fce504474de35fa,34520728076
/blog/bathroom-remodel-cost-boise,390,True,4,0,0,0,b3aec932d4273fb2db8d361e9fce504474de35fa,34520728076
/blog/bathroom-remodel-cost-boise,430,True,4,0,0,0,b3aec932d4273fb2db8d361e9fce504474de35fa,34520728076
/blog/bathroom-remodel-cost-boise,600,True,4,0,0,0,b3aec932d4273fb2db8d361e9fce504474de35fa,34520728076
/blog/bathroom-remodel-cost-boise,768,True,4,0,0,0,b3aec932d4273fb2db8d361e9fce504474de35fa,34520728076
/blog/bathroom-remodel-cost-boise,1024,True,4,0,0,0,b3aec932d4273fb2db8d361e9fce504474de35fa,34520728076
/blog/bathroom-remodel-cost-boise,1366,True,4,0,0,0,b3aec932d4273fb2db8d361e9fce504474de35fa,34520728076
/blog/bathroom-remodel-cost-boise,1440,True,4,0,0,0,b3aec932d4273fb2db8d361e9fce504474de35fa,34520728076
/blog/bathroom-remodel-cost-boise,1920,True,4,0,0,0,b3aec932d4273fb2db8d361e9fce504474de35fa,34520728076
/blog/bathroom-remodel-roi,320,True,4,0,0,0,b3aec932d4273fb2db8d361e9fce504474de35fa,34520728076
/blog/bathroom-remodel-roi,390,True,4,0,0,0,b3aec932d4273fb2db8d361e9fce504474de35fa,34520728076
/blog/bathroom-remodel-roi,430,True,4,0,0,0,b3aec932d4273fb2db8d361e9fce504474de35fa,34520728076
/blog/bathroom-remodel-roi,600,True,4,0,0,0,b3aec932d4273fb2db8d361e9fce504474de35fa,34520728076
/blog/bathroom-remodel-roi,768,True,4,0,0,0,b3aec932d4273fb2db8d361e9fce504474de35fa,34520728076
/blog/bathroom-remodel-roi,1024,True,4,0,0,0,b3aec932d4273fb2db8d361e9fce504474de35fa,34520728076
/blog/bathroom-remodel-roi,1366,True,4,0,0,0,b3aec932d4273fb2db8d361e9fce504474de35fa,34520728076
/blog/bathroom-remodel-roi,1440,True,4,0,0,0,b3aec932d4273fb2db8d361e9fce504474de35fa,34520728076
/blog/bathroom-remodel-roi,1920,True,4,0,0,0,b3aec932d4273fb2db8d361e9fce504474de35fa,34520728076
/blog/bedroom-additions,320,True,4,0,0,0,b3aec932d4273fb2db8d361e9fce504474de35fa,34520728076
/blog/bedroom-additions,390,True,4,0,0,0,b3aec932d4273fb2db8d361e9fce504474de35fa,34520728076
/blog/bedroom-additions,430,True,4,0,0,0,b3aec932d4273fb2db8d361e9fce504474de35fa,34520728076
/blog/bedroom-additions,600,True,4,0,0,0,b3aec932d4273fb2db8d361e9fce504474de35fa,34520728076
/blog/bedroom-additions,768,True,4,0,0,0,b3aec932d4273fb2db8d361e9fce504474de35fa,34520728076
/blog/bedroom-additions,1024,True,4,0,0,0,b3aec932d4273fb2db8d361e9fce504474de35fa,34520728076
/blog/bedroom-additions,1366,True,4,0,0,0,b3aec932d4273fb2db8d361e9fce504474de35fa,34520728076
/blog/bedroom-additions,1440,True,4,0,0,0,b3aec932d4273fb2db8d361e9fce504474de35fa,34520728076
/blog/bedroom-additions,1920,True,4,0,0,0,b3aec932d4273fb2db8d361e9fce504474de35fa,34520728076
/blog/boise-permit-guide,320,True,4,0,0,0,b3aec932d4273fb2db8d361e9fce504474de35fa,34520728076
/blog/boise-permit-guide,390,True,4,0,0,0,b3aec932d4273fb2db8d361e9fce504474de35fa,34520728076
/blog/boise-permit-guide,430,True,4,0,0,0,b3aec932d4273fb2db8d361e9fce504474de35fa,34520728076
/blog/boise-permit-guide,600,True,4,0,0,0,b3aec932d4273fb2db8d361e9fce504474de35fa,34520728076
/blog/boise-permit-guide,768,True,4,0,0,0,b3aec932d4273fb2db8d361e9fce504474de35fa,34520728076
/blog/boise-permit-guide,1024,True,4,0,0,0,b3aec932d4273fb2db8d361e9fce504474de35fa,34520728076
/blog/boise-permit-guide,1366,True,4,0,0,0,b3aec932d4273fb2db8d361e9fce504474de35fa,34520728076
/blog/boise-permit-guide,1440,True,4,0,0,0,b3aec932d4273fb2db8d361e9fce504474de35fa,34520728076
/blog/boise-permit-guide,1920,True,4,0,0,0,b3aec932d4273fb2db8d361e9fce504474de35fa,34520728076
/blog/category/bathroom-remodeling,320,True,10,0,0,0,b3aec932d4273fb2db8d361e9fce504474de35fa,34520728076
/blog/category/bathroom-remodeling,390,True,10,0,0,0,b3aec932d4273fb2db8d361e9fce504474de35fa,34520728076
/blog/category/bathroom-remodeling,430,True,10,0,0,0,b3aec932d4273fb2db8d361e9fce504474de35fa,34520728076
/blog/category/bathroom-remodeling,600,True,10,0,0,0,b3aec932d4273fb2db8d361e9fce504474de35fa,34520728076
/blog/category/bathroom-remodeling,768,True,10,0,0,0,b3aec932d4273fb2db8d361e9fce504474de35fa,34520728076
/blog/category/bathroom-remodeling,1024,True,10,0,0,0,b3aec932d4273fb2db8d361e9fce504474de35fa,34520728076
/blog/category/bathroom-remodeling,1366,True,10,0,0,0,b3aec932d4273fb2db8d361e9fce504474de35fa,34520728076
/blog/category/bathroom-remodeling,1440,True,10,0,0,0,b3aec932d4273fb2db8d361e9fce504474de35fa,34520728076
/blog/category/bathroom-remodeling,1920,True,10,0,0,0,b3aec932d4273fb2db8d361e9fce504474de35fa,34520728076
/blog/category/contractor-selection,320,True,11,0,0,0,fcf5f8b8647b0a370c55bc067d02e49d4e88555b,34523866330
/blog/category/contractor-selection,390,True,11,0,0,0,fcf5f8b8647b0a370c55bc067d02e49d4e88555b,34523866330
/blog/category/contractor-selection,430,True,11,0,0,0,fcf5f8b8647b0a370c55bc067d02e49d4e88555b,34523866330
/blog/category/contractor-selection,600,True,11,0,0,0,fcf5f8b8647b0a370c55bc067d02e49d4e88555b,34523866330
/blog/category/contractor-selection,768,True,11,0,0,0,fcf5f8b8647b0a370c55bc067d02e49d4e88555b,34523866330
/blog/category/contractor-selection,1024,True,11,0,0,0,fcf5f8b8647b0a370c55bc067d02e49d4e88555b,34523866330
/blog/category/contractor-selection,1366,True,11,0,0,0,fcf5f8b8647b0a370c55bc067d02e49d4e88555b,34523866330
/blog/category/contractor-selection,1440,True,11,0,0,0,fcf5f8b8647b0a370c55bc067d02e49d4e88555b,34523866330
/blog/category/contractor-selection,1920,True,11,0,0,0,fcf5f8b8647b0a370c55bc067d02e49d4e88555b,34523866330
/blog/category/home-additions,320,True,13,0,0,0,b3aec932d4273fb2db8d361e9fce504474de35fa,34520728076
/blog/category/home-additions,390,True,13,0,0,0,b3aec932d4273fb2db8d361e9fce504474de35fa,34520728076
/blog/category/home-additions,430,True,13,0,0,0,b3aec932d4273fb2db8d361e9fce504474de35fa,34520728076
/blog/category/home-additions,600,True,13,0,0,0,b3aec932d4273fb2db8d361e9fce504474de35fa,34520728076
/blog/category/home-additions,768,True,13,0,0,0,b3aec932d4273fb2db8d361e9fce504474de35fa,34520728076
/blog/category/home-additions,1024,True,13,0,0,0,b3aec932d4273fb2db8d361e9fce504474de35fa,34520728076
/blog/category/home-additions,1366,True,13,0,0,0,b3aec932d4273fb2db8d361e9fce504474de35fa,34520728076
/blog/category/home-additions,1440,True,13,0,0,0,b3aec932d4273fb2db8d361e9fce504474de35fa,34520728076
/blog/category/home-additions,1920,True,13,0,0,0,b3aec932d4273fb2db8d361e9fce504474de35fa,34520728076
/blog/category/kitchen-remodeling,320,True,13,0,0,0,b3aec932d4273fb2db8d361e9fce504474de35fa,34520728076
/blog/category/kitchen-remodeling,390,True,13,0,0,0,b3aec932d4273fb2db8d361e9fce504474de35fa,34520728076
/blog/category/kitchen-remodeling,430,True,13,0,0,0,b3aec932d4273fb2db8d361e9fce504474de35fa,34520728076
/blog/category/kitchen-remodeling,600,True,13,0,0,0,b3aec932d4273fb2db8d361e9fce504474de35fa,34520728076
/blog/category/kitchen-remodeling,768,True,13,0,0,0,b3aec932d4273fb2db8d361e9fce504474de35fa,34520728076
/blog/category/kitchen-remodeling,1024,True,13,0,0,0,b3aec932d4273fb2db8d361e9fce504474de35fa,34520728076
/blog/category/kitchen-remodeling,1366,True,13,0,0,0,b3aec932d4273fb2db8d361e9fce504474de35fa,34520728076
/blog/category/kitchen-remodeling,1440,True,13,0,0,0,b3aec932d4273fb2db8d361e9fce504474de35fa,34520728076
/blog/category/kitchen-remodeling,1920,True,13,0,0,0,b3aec932d4273fb2db8d361e9fce504474de35fa,34520728076
/blog/category/outdoor-living,320,True,10,0,0,0,b3aec932d4273fb2db8d361e9fce504474de35fa,34520728076
/blog/category/outdoor-living,390,True,10,0,0,0,b3aec932d4273fb2db8d361e9fce504474de35fa,34520728076
/blog/category/outdoor-living,430,True,10,0,0,0,b3aec932d4273fb2db8d361e9fce504474de35fa,34520728076
/blog/category/outdoor-living,600,True,10,0,0,0,b3aec932d4273fb2db8d361e9fce504474de35fa,34520728076
/blog/category/outdoor-living,768,True,10,0,0,0,b3aec932d4273fb2db8d361e9fce504474de35fa,34520728076
/blog/category/outdoor-living,1024,True,10,0,0,0,b3aec932d4273fb2db8d361e9fce504474de35fa,34520728076
/blog/category/outdoor-living,1366,True,10,0,0,0,b3aec932d4273fb2db8d361e9fce504474de35fa,34520728076
/blog/category/outdoor-living,1440,True,10,0,0,0,b3aec932d4273fb2db8d361e9fce504474de35fa,34520728076
/blog/category/outdoor-living,1920,True,10,0,0,0,b3aec932d4273fb2db8d361e9fce504474de35fa,34520728076
/blog/category/remodeling-costs,320,True,11,0,0,0,b3aec932d4273fb2db8d361e9fce504474de35fa,34520728076
/blog/category/remodeling-costs,390,True,11,0,0,0,b3aec932d4273fb2db8d361e9fce504474de35fa,34520728076
/blog/category/remodeling-costs,430,True,11,0,0,0,b3aec932d4273fb2db8d361e9fce504474de35fa,34520728076
/blog/category/remodeling-costs,600,True,11,0,0,0,b3aec932d4273fb2db8d361e9fce504474de35fa,34520728076
/blog/category/remodeling-costs,768,True,11,0,0,0,b3aec932d4273fb2db8d361e9fce504474de35fa,34520728076
/blog/category/remodeling-costs,1024,True,11,0,0,0,b3aec932d4273fb2db8d361e9fce504474de35fa,34520728076
/blog/category/remodeling-costs,1366,True,11,0,0,0,b3aec932d4273fb2db8d361e9fce504474de35fa,34520728076
/blog/category/remodeling-costs,1440,True,11,0,0,0,b3aec932d4273fb2db8d361e9fce504474de35fa,34520728076
/blog/category/remodeling-costs,1920,True,11,0,0,0,b3aec932d4273fb2db8d361e9fce504474de35fa,34520728076
/blog/category/remodeling-process,320,True,13,0,0,0,fcf5f8b8647b0a370c55bc067d02e49d4e88555b,34523866330
/blog/category/remodeling-process,390,True,13,0,0,0,fcf5f8b8647b0a370c55bc067d02e49d4e88555b,34523866330
/blog/category/remodeling-process,430,True,13,0,0,0,fcf5f8b8647b0a370c55bc067d02e49d4e88555b,34523866330
/blog/category/remodeling-process,600,True,13,0,0,0,fcf5f8b8647b0a370c55bc067d02e49d4e88555b,34523866330
/blog/category/remodeling-process,768,True,13,0,0,0,fcf5f8b8647b0a370c55bc067d02e49d4e88555b,34523866330
/blog/category/remodeling-process,1024,True,13,0,0,0,fcf5f8b8647b0a370c55bc067d02e49d4e88555b,34523866330
/blog/category/remodeling-process,1366,True,13,0,0,0,fcf5f8b8647b0a370c55bc067d02e49d4e88555b,34523866330
/blog/category/remodeling-process,1440,True,13,0,0,0,fcf5f8b8647b0a370c55bc067d02e49d4e88555b,34523866330
/blog/category/remodeling-process,1920,True,13,0,0,0,fcf5f8b8647b0a370c55bc067d02e49d4e88555b,34523866330
/blog/category/remodeling-roi,320,True,11,0,0,0,b3aec932d4273fb2db8d361e9fce504474de35fa,34520728076
/blog/category/remodeling-roi,390,True,11,0,0,0,b3aec932d4273fb2db8d361e9fce504474de35fa,34520728076
/blog/category/remodeling-roi,430,True,11,0,0,0,b3aec932d4273fb2db8d361e9fce504474de35fa,34520728076
/blog/category/remodeling-roi,600,True,11,0,0,0,b3aec932d4273fb2db8d361e9fce504474de35fa,34520728076
/blog/category/remodeling-roi,768,True,11,0,0,0,b3aec932d4273fb2db8d361e9fce504474de35fa,34520728076
/blog/category/remodeling-roi,1024,True,11,0,0,0,b3aec932d4273fb2db8d361e9fce504474de35fa,34520728076
/blog/category/remodeling-roi,1366,True,11,0,0,0,b3aec932d4273fb2db8d361e9fce504474de35fa,34520728076
/blog/category/remodeling-roi,1440,True,11,0,0,0,b3aec932d4273fb2db8d361e9fce504474de35fa,34520728076
/blog/category/remodeling-roi,1920,True,11,0,0,0,b3aec932d4273fb2db8d361e9fce504474de35fa,34520728076
/blog/category/treasure-valley-locations,320,True,11,0,0,0,b3aec932d4273fb2db8d361e9fce504474de35fa,34520728076
/blog/category/treasure-valley-locations,390,True,11,0,0,0,b3aec932d4273fb2db8d361e9fce504474de35fa,34520728076
/blog/category/treasure-valley-locations,430,True,11,0,0,0,b3aec932d4273fb2db8d361e9fce504474de35fa,34520728076
/blog/category/treasure-valley-locations,600,True,11,0,0,0,b3aec932d4273fb2db8d361e9fce504474de35fa,34520728076
/blog/category/treasure-valley-locations,768,True,11,0,0,0,b3aec932d4273fb2db8d361e9fce504474de35fa,34520728076
/blog/category/treasure-valley-locations,1024,True,11,0,0,0,b3aec932d4273fb2db8d361e9fce504474de35fa,34520728076
/blog/category/treasure-valley-locations,1366,True,11,0,0,0,b3aec932d4273fb2db8d361e9fce504474de35fa,34520728076
/blog/category/treasure-valley-locations,1440,True,11,0,0,0,b3aec932d4273fb2db8d361e9fce504474de35fa,34520728076
/blog/category/treasure-valley-locations,1920,True,11,0,0,0,b3aec932d4273fb2db8d361e9fce504474de35fa,34520728076
/blog/category/whole-home-remodeling,320,True,10,0,0,0,b3aec932d4273fb2db8d361e9fce504474de35fa,34520728076
/blog/category/whole-home-remodeling,390,True,10,0,0,0,b3aec932d4273fb2db8d361e9fce504474de35fa,34520728076
/blog/category/whole-home-remodeling,430,True,10,0,0,0,b3aec932d4273fb2db8d361e9fce504474de35fa,34520728076
/blog/category/whole-home-remodeling,600,True,10,0,0,0,b3aec932d4273fb2db8d361e9fce504474de35fa,34520728076
/blog/category/whole-home-remodeling,768,True,10,0,0,0,b3aec932d4273fb2db8d361e9fce504474de35fa,34520728076
/blog/category/whole-home-remodeling,1024,True,10,0,0,0,b3aec932d4273fb2db8d361e9fce504474de35fa,34520728076
/blog/category/whole-home-remodeling,1366,True,10,0,0,0,b3aec932d4273fb2db8d361e9fce504474de35fa,34520728076
/blog/category/whole-home-remodeling,1440,True,10,0,0,0,b3aec932d4273fb2db8d361e9fce504474de35fa,34520728076
/blog/category/whole-home-remodeling,1920,True,10,0,0,0,b3aec932d4273fb2db8d361e9fce504474de35fa,34520728076
/blog/construction-phase-guide,320,True,4,0,0,0,b3aec932d4273fb2db8d361e9fce504474de35fa,34520728076
/blog/construction-phase-guide,390,True,4,0,0,0,b3aec932d4273fb2db8d361e9fce504474de35fa,34520728076
/blog/construction-phase-guide,430,True,4,0,0,0,b3aec932d4273fb2db8d361e9fce504474de35fa,34520728076
/blog/construction-phase-guide,600,True,4,0,0,0,b3aec932d4273fb2db8d361e9fce504474de35fa,34520728076
/blog/construction-phase-guide,768,True,4,0,0,0,b3aec932d4273fb2db8d361e9fce504474de35fa,34520728076
/blog/construction-phase-guide,1024,True,4,0,0,0,b3aec932d4273fb2db8d361e9fce504474de35fa,34520728076
/blog/construction-phase-guide,1366,True,4,0,0,0,b3aec932d4273fb2db8d361e9fce504474de35fa,34520728076
/blog/construction-phase-guide,1440,True,4,0,0,0,b3aec932d4273fb2db8d361e9fce504474de35fa,34520728076
/blog/construction-phase-guide,1920,True,4,0,0,0,b3aec932d4273fb2db8d361e9fce504474de35fa,34520728076
/blog/consultation-process-remodeling,320,True,4,0,0,0,b3aec932d4273fb2db8d361e9fce504474de35fa,34520728076
/blog/consultation-process-remodeling,390,True,4,0,0,0,b3aec932d4273fb2db8d361e9fce504474de35fa,34520728076
/blog/consultation-process-remodeling,430,True,4,0,0,0,b3aec932d4273fb2db8d361e9fce504474de35fa,34520728076
/blog/consultation-process-remodeling,600,True,4,0,0,0,b3aec932d4273fb2db8d361e9fce504474de35fa,34520728076
/blog/consultation-process-remodeling,768,True,4,0,0,0,b3aec932d4273fb2db8d361e9fce504474de35fa,34520728076
/blog/consultation-process-remodeling,1024,True,4,0,0,0,b3aec932d4273fb2db8d361e9fce504474de35fa,34520728076
/blog/consultation-process-remodeling,1366,True,4,0,0,0,b3aec932d4273fb2db8d361e9fce504474de35fa,34520728076
/blog/consultation-process-remodeling,1440,True,4,0,0,0,b3aec932d4273fb2db8d361e9fce504474de35fa,34520728076
/blog/consultation-process-remodeling,1920,True,4,0,0,0,b3aec932d4273fb2db8d361e9fce504474de35fa,34520728076
/blog/covered-patios-boise,320,True,4,0,0,0,b3aec932d4273fb2db8d361e9fce504474de35fa,34520728076
/blog/covered-patios-boise,390,True,4,0,0,0,b3aec932d4273fb2db8d361e9fce504474de35fa,34520728076
/blog/covered-patios-boise,430,True,4,0,0,0,b3aec932d4273fb2db8d361e9fce504474de35fa,34520728076
/blog/covered-patios-boise,600,True,4,0,0,0,b3aec932d4273fb2db8d361e9fce504474de35fa,34520728076
/blog/covered-patios-boise,768,True,4,0,0,0,b3aec932d4273fb2db8d361e9fce504474de35fa,34520728076
/blog/covered-patios-boise,1024,True,4,0,0,0,b3aec932d4273fb2db8d361e9fce504474de35fa,34520728076
/blog/covered-patios-boise,1366,True,4,0,0,0,b3aec932d4273fb2db8d361e9fce504474de35fa,34520728076
/blog/covered-patios-boise,1440,True,4,0,0,0,b3aec932d4273fb2db8d361e9fce504474de35fa,34520728076
/blog/covered-patios-boise,1920,True,4,0,0,0,b3aec932d4273fb2db8d361e9fce504474de35fa,34520728076
/blog/curbless-shower-guide,320,True,4,0,0,0,b3aec932d4273fb2db8d361e9fce504474de35fa,34520728076
/blog/curbless-shower-guide,390,True,4,0,0,0,b3aec932d4273fb2db8d361e9fce504474de35fa,34520728076
/blog/curbless-shower-guide,430,True,4,0,0,0,b3aec932d4273fb2db8d361e9fce504474de35fa,34520728076
/blog/curbless-shower-guide,600,True,4,0,0,0,b3aec932d4273fb2db8d361e9fce504474de35fa,34520728076
/blog/curbless-shower-guide,768,True,4,0,0,0,b3aec932d4273fb2db8d361e9fce504474de35fa,34520728076
/blog/curbless-shower-guide,1024,True,4,0,0,0,b3aec932d4273fb2db8d361e9fce504474de35fa,34520728076
/blog/curbless-shower-guide,1366,True,4,0,0,0,b3aec932d4273fb2db8d361e9fce504474de35fa,34520728076
/blog/curbless-shower-guide,1440,True,4,0,0,0,b3aec932d4273fb2db8d361e9fce504474de35fa,34520728076
/blog/curbless-shower-guide,1920,True,4,0,0,0,b3aec932d4273fb2db8d361e9fce504474de35fa,34520728076
/blog/decks-vs-patios-boise,320,True,3,0,0,0,b3aec932d4273fb2db8d361e9fce504474de35fa,34520728076
/blog/decks-vs-patios-boise,390,True,3,0,0,0,b3aec932d4273fb2db8d361e9fce504474de35fa,34520728076
/blog/decks-vs-patios-boise,430,True,3,0,0,0,b3aec932d4273fb2db8d361e9fce504474de35fa,34520728076
/blog/decks-vs-patios-boise,600,True,3,0,0,0,b3aec932d4273fb2db8d361e9fce504474de35fa,34520728076
/blog/decks-vs-patios-boise,768,True,3,0,0,0,b3aec932d4273fb2db8d361e9fce504474de35fa,34520728076
/blog/decks-vs-patios-boise,1024,True,3,0,0,0,b3aec932d4273fb2db8d361e9fce504474de35fa,34520728076
/blog/decks-vs-patios-boise,1366,True,3,0,0,0,b3aec932d4273fb2db8d361e9fce504474de35fa,34520728076
/blog/decks-vs-patios-boise,1440,True,3,0,0,0,b3aec932d4273fb2db8d361e9fce504474de35fa,34520728076
/blog/decks-vs-patios-boise,1920,True,3,0,0,0,b3aec932d4273fb2db8d361e9fce504474de35fa,34520728076
/blog/design-build-process-guide,320,True,4,0,0,0,b3aec932d4273fb2db8d361e9fce504474de35fa,34520728076
/blog/design-build-process-guide,390,True,4,0,0,0,b3aec932d4273fb2db8d361e9fce504474de35fa,34520728076
/blog/design-build-process-guide,430,True,4,0,0,0,b3aec932d4273fb2db8d361e9fce504474de35fa,34520728076
/blog/design-build-process-guide,600,True,4,0,0,0,b3aec932d4273fb2db8d361e9fce504474de35fa,34520728076
/blog/design-build-process-guide,768,True,4,0,0,0,b3aec932d4273fb2db8d361e9fce504474de35fa,34520728076
/blog/design-build-process-guide,1024,True,4,0,0,0,b3aec932d4273fb2db8d361e9fce504474de35fa,34520728076
/blog/design-build-process-guide,1366,True,4,0,0,0,b3aec932d4273fb2db8d361e9fce504474de35fa,34520728076
/blog/design-build-process-guide,1440,True,4,0,0,0,b3aec932d4273fb2db8d361e9fce504474de35fa,34520728076
/blog/design-build-process-guide,1920,True,4,0,0,0,b3aec932d4273fb2db8d361e9fce504474de35fa,34520728076
/blog/design-build-vs-general-contractor,320,True,4,0,0,0,b3aec932d4273fb2db8d361e9fce504474de35fa,34520728076
/blog/design-build-vs-general-contractor,390,True,4,0,0,0,b3aec932d4273fb2db8d361e9fce504474de35fa,34520728076
/blog/design-build-vs-general-contractor,430,True,4,0,0,0,b3aec932d4273fb2db8d361e9fce504474de35fa,34520728076
/blog/design-build-vs-general-contractor,600,True,4,0,0,0,b3aec932d4273fb2db8d361e9fce504474de35fa,34520728076
/blog/design-build-vs-general-contractor,768,True,4,0,0,0,b3aec932d4273fb2db8d361e9fce504474de35fa,34520728076
/blog/design-build-vs-general-contractor,1024,True,4,0,0,0,b3aec932d4273fb2db8d361e9fce504474de35fa,34520728076
/blog/design-build-vs-general-contractor,1366,True,4,0,0,0,b3aec932d4273fb2db8d361e9fce504474de35fa,34520728076
/blog/design-build-vs-general-contractor,1440,True,4,0,0,0,b3aec932d4273fb2db8d361e9fce504474de35fa,34520728076
/blog/design-build-vs-general-contractor,1920,True,4,0,0,0,b3aec932d4273fb2db8d361e9fce504474de35fa,34520728076
/blog/design-development-guide,320,True,4,0,0,0,b3aec932d4273fb2db8d361e9fce504474de35fa,34520728076
/blog/design-development-guide,390,True,4,0,0,0,b3aec932d4273fb2db8d361e9fce504474de35fa,34520728076
/blog/design-development-guide,430,True,4,0,0,0,b3aec932d4273fb2db8d361e9fce504474de35fa,34520728076
/blog/design-development-guide,600,True,4,0,0,0,b3aec932d4273fb2db8d361e9fce504474de35fa,34520728076
/blog/design-development-guide,768,True,4,0,0,0,b3aec932d4273fb2db8d361e9fce504474de35fa,34520728076
/blog/design-development-guide,1024,True,4,0,0,0,b3aec932d4273fb2db8d361e9fce504474de35fa,34520728076
/blog/design-development-guide,1366,True,4,0,0,0,b3aec932d4273fb2db8d361e9fce504474de35fa,34520728076
/blog/design-development-guide,1440,True,4,0,0,0,b3aec932d4273fb2db8d361e9fce504474de35fa,34520728076
/blog/design-development-guide,1920,True,4,0,0,0,b3aec932d4273fb2db8d361e9fce504474de35fa,34520728076
/blog/energy-efficiency-roi,320,True,4,0,0,0,b3aec932d4273fb2db8d361e9fce504474de35fa,34520728076
/blog/energy-efficiency-roi,390,True,4,0,0,0,b3aec932d4273fb2db8d361e9fce504474de35fa,34520728076
/blog/energy-efficiency-roi,430,True,4,0,0,0,b3aec932d4273fb2db8d361e9fce504474de35fa,34520728076
/blog/energy-efficiency-roi,600,True,4,0,0,0,b3aec932d4273fb2db8d361e9fce504474de35fa,34520728076
/blog/energy-efficiency-roi,768,True,4,0,0,0,b3aec932d4273fb2db8d361e9fce504474de35fa,34520728076
/blog/energy-efficiency-roi,1024,True,4,0,0,0,b3aec932d4273fb2db8d361e9fce504474de35fa,34520728076
/blog/energy-efficiency-roi,1366,True,4,0,0,0,b3aec932d4273fb2db8d361e9fce504474de35fa,34520728076
/blog/energy-efficiency-roi,1440,True,4,0,0,0,b3aec932d4273fb2db8d361e9fce504474de35fa,34520728076
/blog/energy-efficiency-roi,1920,True,4,0,0,0,b3aec932d4273fb2db8d361e9fce504474de35fa,34520728076
/blog/exterior-remodeling-roi,320,True,4,0,0,0,b3aec932d4273fb2db8d361e9fce504474de35fa,34520728076
/blog/exterior-remodeling-roi,390,True,4,0,0,0,b3aec932d4273fb2db8d361e9fce504474de35fa,34520728076
/blog/exterior-remodeling-roi,430,True,4,0,0,0,b3aec932d4273fb2db8d361e9fce504474de35fa,34520728076
/blog/exterior-remodeling-roi,600,True,4,0,0,0,b3aec932d4273fb2db8d361e9fce504474de35fa,34520728076
/blog/exterior-remodeling-roi,768,True,4,0,0,0,b3aec932d4273fb2db8d361e9fce504474de35fa,34520728076
/blog/exterior-remodeling-roi,1024,True,4,0,0,0,b3aec932d4273fb2db8d361e9fce504474de35fa,34520728076
/blog/exterior-remodeling-roi,1366,True,4,0,0,0,b3aec932d4273fb2db8d361e9fce504474de35fa,34520728076
/blog/exterior-remodeling-roi,1440,True,4,0,0,0,b3aec932d4273fb2db8d361e9fce504474de35fa,34520728076
/blog/exterior-remodeling-roi,1920,True,4,0,0,0,b3aec932d4273fb2db8d361e9fce504474de35fa,34520728076
/blog/fixed-price-vs-cost-plus,320,True,4,0,0,0,b3aec932d4273fb2db8d361e9fce504474de35fa,34520728076
/blog/fixed-price-vs-cost-plus,390,True,4,0,0,0,b3aec932d4273fb2db8d361e9fce504474de35fa,34520728076
/blog/fixed-price-vs-cost-plus,430,True,4,0,0,0,b3aec932d4273fb2db8d361e9fce504474de35fa,34520728076
/blog/fixed-price-vs-cost-plus,600,True,4,0,0,0,b3aec932d4273fb2db8d361e9fce504474de35fa,34520728076
/blog/fixed-price-vs-cost-plus,768,True,4,0,0,0,b3aec932d4273fb2db8d361e9fce504474de35fa,34520728076
/blog/fixed-price-vs-cost-plus,1024,True,4,0,0,0,b3aec932d4273fb2db8d361e9fce504474de35fa,34520728076
/blog/fixed-price-vs-cost-plus,1366,True,4,0,0,0,b3aec932d4273fb2db8d361e9fce504474de35fa,34520728076
/blog/fixed-price-vs-cost-plus,1440,True,4,0,0,0,b3aec932d4273fb2db8d361e9fce504474de35fa,34520728076
/blog/fixed-price-vs-cost-plus,1920,True,4,0,0,0,b3aec932d4273fb2db8d361e9fce504474de35fa,34520728076
/blog/garage-conversions,320,True,4,0,0,0,b3aec932d4273fb2db8d361e9fce504474de35fa,34520728076
/blog/garage-conversions,390,True,4,0,0,0,b3aec932d4273fb2db8d361e9fce504474de35fa,34520728076
/blog/garage-conversions,430,True,4,0,0,0,b3aec932d4273fb2db8d361e9fce504474de35fa,34520728076
/blog/garage-conversions,600,True,4,0,0,0,b3aec932d4273fb2db8d361e9fce504474de35fa,34520728076
/blog/garage-conversions,768,True,4,0,0,0,b3aec932d4273fb2db8d361e9fce504474de35fa,34520728076
/blog/garage-conversions,1024,True,4,0,0,0,b3aec932d4273fb2db8d361e9fce504474de35fa,34520728076
/blog/garage-conversions,1366,True,4,0,0,0,b3aec932d4273fb2db8d361e9fce504474de35fa,34520728076
/blog/garage-conversions,1440,True,4,0,0,0,b3aec932d4273fb2db8d361e9fce504474de35fa,34520728076
/blog/garage-conversions,1920,True,4,0,0,0,b3aec932d4273fb2db8d361e9fce504474de35fa,34520728076
/blog/home-addition-cost-boise,320,True,4,0,0,0,b3aec932d4273fb2db8d361e9fce504474de35fa,34520728076
/blog/home-addition-cost-boise,390,True,4,0,0,0,b3aec932d4273fb2db8d361e9fce504474de35fa,34520728076
/blog/home-addition-cost-boise,430,True,4,0,0,0,b3aec932d4273fb2db8d361e9fce504474de35fa,34520728076
/blog/home-addition-cost-boise,600,True,4,0,0,0,b3aec932d4273fb2db8d361e9fce504474de35fa,34520728076
/blog/home-addition-cost-boise,768,True,4,0,0,0,b3aec932d4273fb2db8d361e9fce504474de35fa,34520728076
/blog/home-addition-cost-boise,1024,True,4,0,0,0,b3aec932d4273fb2db8d361e9fce504474de35fa,34520728076
/blog/home-addition-cost-boise,1366,True,4,0,0,0,b3aec932d4273fb2db8d361e9fce504474de35fa,34520728076
/blog/home-addition-cost-boise,1440,True,4,0,0,0,b3aec932d4273fb2db8d361e9fce504474de35fa,34520728076
/blog/home-addition-cost-boise,1920,True,4,0,0,0,b3aec932d4273fb2db8d361e9fce504474de35fa,34520728076
/blog/home-addition-timeline-guide,320,True,4,0,0,0,b3aec932d4273fb2db8d361e9fce504474de35fa,34520728076
/blog/home-addition-timeline-guide,390,True,4,0,0,0,b3aec932d4273fb2db8d361e9fce504474de35fa,34520728076
/blog/home-addition-timeline-guide,430,True,4,0,0,0,b3aec932d4273fb2db8d361e9fce504474de35fa,34520728076
/blog/home-addition-timeline-guide,600,True,4,0,0,0,b3aec932d4273fb2db8d361e9fce504474de35fa,34520728076
/blog/home-addition-timeline-guide,768,True,4,0,0,0,b3aec932d4273fb2db8d361e9fce504474de35fa,34520728076
/blog/home-addition-timeline-guide,1024,True,4,0,0,0,b3aec932d4273fb2db8d361e9fce504474de35fa,34520728076
/blog/home-addition-timeline-guide,1366,True,4,0,0,0,b3aec932d4273fb2db8d361e9fce504474de35fa,34520728076
/blog/home-addition-timeline-guide,1440,True,4,0,0,0,b3aec932d4273fb2db8d361e9fce504474de35fa,34520728076
/blog/home-addition-timeline-guide,1920,True,4,0,0,0,b3aec932d4273fb2db8d361e9fce504474de35fa,34520728076
/blog/how-long-does-a-bathroom-remodel-take,320,True,4,0,0,0,b3aec932d4273fb2db8d361e9fce504474de35fa,34520728076
/blog/how-long-does-a-bathroom-remodel-take,390,True,4,0,0,0,b3aec932d4273fb2db8d361e9fce504474de35fa,34520728076
/blog/how-long-does-a-bathroom-remodel-take,430,True,4,0,0,0,b3aec932d4273fb2db8d361e9fce504474de35fa,34520728076
/blog/how-long-does-a-bathroom-remodel-take,600,True,4,0,0,0,b3aec932d4273fb2db8d361e9fce504474de35fa,34520728076
/blog/how-long-does-a-bathroom-remodel-take,768,True,4,0,0,0,b3aec932d4273fb2db8d361e9fce504474de35fa,34520728076
/blog/how-long-does-a-bathroom-remodel-take,1024,True,4,0,0,0,b3aec932d4273fb2db8d361e9fce504474de35fa,34520728076
/blog/how-long-does-a-bathroom-remodel-take,1366,True,4,0,0,0,b3aec932d4273fb2db8d361e9fce504474de35fa,34520728076
/blog/how-long-does-a-bathroom-remodel-take,1440,True,4,0,0,0,b3aec932d4273fb2db8d361e9fce504474de35fa,34520728076
/blog/how-long-does-a-bathroom-remodel-take,1920,True,4,0,0,0,b3aec932d4273fb2db8d361e9fce504474de35fa,34520728076
/blog/how-to-budget-remodel-boise,320,True,4,0,0,0,b3aec932d4273fb2db8d361e9fce504474de35fa,34520728076
/blog/how-to-budget-remodel-boise,390,True,4,0,0,0,b3aec932d4273fb2db8d361e9fce504474de35fa,34520728076
/blog/how-to-budget-remodel-boise,430,True,4,0,0,0,b3aec932d4273fb2db8d361e9fce504474de35fa,34520728076
/blog/how-to-budget-remodel-boise,600,True,4,0,0,0,b3aec932d4273fb2db8d361e9fce504474de35fa,34520728076
/blog/how-to-budget-remodel-boise,768,True,4,0,0,0,b3aec932d4273fb2db8d361e9fce504474de35fa,34520728076
/blog/how-to-budget-remodel-boise,1024,True,4,0,0,0,b3aec932d4273fb2db8d361e9fce504474de35fa,34520728076
/blog/how-to-budget-remodel-boise,1366,True,4,0,0,0,b3aec932d4273fb2db8d361e9fce504474de35fa,34520728076
/blog/how-to-budget-remodel-boise,1440,True,4,0,0,0,b3aec932d4273fb2db8d361e9fce504474de35fa,34520728076
/blog/how-to-budget-remodel-boise,1920,True,4,0,0,0,b3aec932d4273fb2db8d361e9fce504474de35fa,34520728076
/blog/how-to-choose-design-build-contractor,320,True,4,0,0,0,b3aec932d4273fb2db8d361e9fce504474de35fa,34520728076
/blog/how-to-choose-design-build-contractor,390,True,4,0,0,0,b3aec932d4273fb2db8d361e9fce504474de35fa,34520728076
/blog/how-to-choose-design-build-contractor,430,True,4,0,0,0,b3aec932d4273fb2db8d361e9fce504474de35fa,34520728076
/blog/how-to-choose-design-build-contractor,600,True,4,0,0,0,b3aec932d4273fb2db8d361e9fce504474de35fa,34520728076
/blog/how-to-choose-design-build-contractor,768,True,4,0,0,0,b3aec932d4273fb2db8d361e9fce504474de35fa,34520728076
/blog/how-to-choose-design-build-contractor,1024,True,4,0,0,0,b3aec932d4273fb2db8d361e9fce504474de35fa,34520728076
/blog/how-to-choose-design-build-contractor,1366,True,4,0,0,0,b3aec932d4273fb2db8d361e9fce504474de35fa,34520728076
/blog/how-to-choose-design-build-contractor,1440,True,4,0,0,0,b3aec932d4273fb2db8d361e9fce504474de35fa,34520728076
/blog/how-to-choose-design-build-contractor,1920,True,4,0,0,0,b3aec932d4273fb2db8d361e9fce504474de35fa,34520728076
/blog/how-to-compare-remodeling-estimates,320,True,4,0,0,0,b3aec932d4273fb2db8d361e9fce504474de35fa,34520728076
/blog/how-to-compare-remodeling-estimates,390,True,4,0,0,0,b3aec932d4273fb2db8d361e9fce504474de35fa,34520728076
/blog/how-to-compare-remodeling-estimates,430,True,4,0,0,0,b3aec932d4273fb2db8d361e9fce504474de35fa,34520728076
/blog/how-to-compare-remodeling-estimates,600,True,4,0,0,0,b3aec932d4273fb2db8d361e9fce504474de35fa,34520728076
/blog/how-to-compare-remodeling-estimates,768,True,4,0,0,0,b3aec932d4273fb2db8d361e9fce504474de35fa,34520728076
/blog/how-to-compare-remodeling-estimates,1024,True,4,0,0,0,b3aec932d4273fb2db8d361e9fce504474de35fa,34520728076
/blog/how-to-compare-remodeling-estimates,1366,True,4,0,0,0,b3aec932d4273fb2db8d361e9fce504474de35fa,34520728076
/blog/how-to-compare-remodeling-estimates,1440,True,4,0,0,0,b3aec932d4273fb2db8d361e9fce504474de35fa,34520728076
/blog/how-to-compare-remodeling-estimates,1920,True,4,0,0,0,b3aec932d4273fb2db8d361e9fce504474de35fa,34520728076
/blog/kitchen-cabinet-trends,320,True,4,0,0,0,b3aec932d4273fb2db8d361e9fce504474de35fa,34520728076
/blog/kitchen-cabinet-trends,390,True,4,0,0,0,b3aec932d4273fb2db8d361e9fce504474de35fa,34520728076
/blog/kitchen-cabinet-trends,430,True,4,0,0,0,b3aec932d4273fb2db8d361e9fce504474de35fa,34520728076
/blog/kitchen-cabinet-trends,600,True,4,0,0,0,b3aec932d4273fb2db8d361e9fce504474de35fa,34520728076
/blog/kitchen-cabinet-trends,768,True,4,0,0,0,b3aec932d4273fb2db8d361e9fce504474de35fa,34520728076
/blog/kitchen-cabinet-trends,1024,True,4,0,0,0,b3aec932d4273fb2db8d361e9fce504474de35fa,34520728076
/blog/kitchen-cabinet-trends,1366,True,4,0,0,0,b3aec932d4273fb2db8d361e9fce504474de35fa,34520728076
/blog/kitchen-cabinet-trends,1440,True,4,0,0,0,b3aec932d4273fb2db8d361e9fce504474de35fa,34520728076
/blog/kitchen-cabinet-trends,1920,True,4,0,0,0,b3aec932d4273fb2db8d361e9fce504474de35fa,34520728076
/blog/kitchen-cabinet-trends-boise,320,True,4,0,0,0,b3aec932d4273fb2db8d361e9fce504474de35fa,34520728076
/blog/kitchen-cabinet-trends-boise,390,True,4,0,0,0,b3aec932d4273fb2db8d361e9fce504474de35fa,34520728076
/blog/kitchen-cabinet-trends-boise,430,True,4,0,0,0,b3aec932d4273fb2db8d361e9fce504474de35fa,34520728076
/blog/kitchen-cabinet-trends-boise,600,True,4,0,0,0,b3aec932d4273fb2db8d361e9fce504474de35fa,34520728076
/blog/kitchen-cabinet-trends-boise,768,True,4,0,0,0,b3aec932d4273fb2db8d361e9fce504474de35fa,34520728076
/blog/kitchen-cabinet-trends-boise,1024,True,4,0,0,0,b3aec932d4273fb2db8d361e9fce504474de35fa,34520728076
/blog/kitchen-cabinet-trends-boise,1366,True,4,0,0,0,b3aec932d4273fb2db8d361e9fce504474de35fa,34520728076
/blog/kitchen-cabinet-trends-boise,1440,True,4,0,0,0,b3aec932d4273fb2db8d361e9fce504474de35fa,34520728076
/blog/kitchen-cabinet-trends-boise,1920,True,4,0,0,0,b3aec932d4273fb2db8d361e9fce504474de35fa,34520728076
/blog/kitchen-island-design-guide,320,True,4,0,0,0,b3aec932d4273fb2db8d361e9fce504474de35fa,34520728076
/blog/kitchen-island-design-guide,390,True,4,0,0,0,b3aec932d4273fb2db8d361e9fce504474de35fa,34520728076
/blog/kitchen-island-design-guide,430,True,4,0,0,0,b3aec932d4273fb2db8d361e9fce504474de35fa,34520728076
/blog/kitchen-island-design-guide,600,True,4,0,0,0,b3aec932d4273fb2db8d361e9fce504474de35fa,34520728076
/blog/kitchen-island-design-guide,768,True,4,0,0,0,b3aec932d4273fb2db8d361e9fce504474de35fa,34520728076
/blog/kitchen-island-design-guide,1024,True,4,0,0,0,b3aec932d4273fb2db8d361e9fce504474de35fa,34520728076
/blog/kitchen-island-design-guide,1366,True,4,0,0,0,b3aec932d4273fb2db8d361e9fce504474de35fa,34520728076
/blog/kitchen-island-design-guide,1440,True,4,0,0,0,b3aec932d4273fb2db8d361e9fce504474de35fa,34520728076
/blog/kitchen-island-design-guide,1920,True,4,0,0,0,b3aec932d4273fb2db8d361e9fce504474de35fa,34520728076
/blog/kitchen-layout-ideas-boise-homes,320,True,4,0,0,0,b3aec932d4273fb2db8d361e9fce504474de35fa,34520728076
/blog/kitchen-layout-ideas-boise-homes,390,True,4,0,0,0,b3aec932d4273fb2db8d361e9fce504474de35fa,34520728076
/blog/kitchen-layout-ideas-boise-homes,430,True,4,0,0,0,b3aec932d4273fb2db8d361e9fce504474de35fa,34520728076
/blog/kitchen-layout-ideas-boise-homes,600,True,4,0,0,0,b3aec932d4273fb2db8d361e9fce504474de35fa,34520728076
/blog/kitchen-layout-ideas-boise-homes,768,True,4,0,0,0,b3aec932d4273fb2db8d361e9fce504474de35fa,34520728076
/blog/kitchen-layout-ideas-boise-homes,1024,True,4,0,0,0,b3aec932d4273fb2db8d361e9fce504474de35fa,34520728076
/blog/kitchen-layout-ideas-boise-homes,1366,True,4,0,0,0,b3aec932d4273fb2db8d361e9fce504474de35fa,34520728076
/blog/kitchen-layout-ideas-boise-homes,1440,True,4,0,0,0,b3aec932d4273fb2db8d361e9fce504474de35fa,34520728076
/blog/kitchen-layout-ideas-boise-homes,1920,True,4,0,0,0,b3aec932d4273fb2db8d361e9fce504474de35fa,34520728076
/blog/kitchen-remodel-cost-boise,320,True,4,0,0,0,b3aec932d4273fb2db8d361e9fce504474de35fa,34520728076
/blog/kitchen-remodel-cost-boise,390,True,4,0,0,0,b3aec932d4273fb2db8d361e9fce504474de35fa,34520728076
/blog/kitchen-remodel-cost-boise,430,True,4,0,0,0,b3aec932d4273fb2db8d361e9fce504474de35fa,34520728076
/blog/kitchen-remodel-cost-boise,600,True,4,0,0,0,b3aec932d4273fb2db8d361e9fce504474de35fa,34520728076
/blog/kitchen-remodel-cost-boise,768,True,4,0,0,0,b3aec932d4273fb2db8d361e9fce504474de35fa,34520728076
/blog/kitchen-remodel-cost-boise,1024,True,4,0,0,0,b3aec932d4273fb2db8d361e9fce504474de35fa,34520728076
/blog/kitchen-remodel-cost-boise,1366,True,4,0,0,0,b3aec932d4273fb2db8d361e9fce504474de35fa,34520728076
/blog/kitchen-remodel-cost-boise,1440,True,4,0,0,0,b3aec932d4273fb2db8d361e9fce504474de35fa,34520728076
/blog/kitchen-remodel-cost-boise,1920,True,4,0,0,0,b3aec932d4273fb2db8d361e9fce504474de35fa,34520728076
/blog/kitchen-remodel-roi,320,True,4,0,0,0,b3aec932d4273fb2db8d361e9fce504474de35fa,34520728076
/blog/kitchen-remodel-roi,390,True,4,0,0,0,b3aec932d4273fb2db8d361e9fce504474de35fa,34520728076
/blog/kitchen-remodel-roi,430,True,4,0,0,0,b3aec932d4273fb2db8d361e9fce504474de35fa,34520728076
/blog/kitchen-remodel-roi,600,True,4,0,0,0,b3aec932d4273fb2db8d361e9fce504474de35fa,34520728076
/blog/kitchen-remodel-roi,768,True,4,0,0,0,b3aec932d4273fb2db8d361e9fce504474de35fa,34520728076
/blog/kitchen-remodel-roi,1024,True,4,0,0,0,b3aec932d4273fb2db8d361e9fce504474de35fa,34520728076
/blog/kitchen-remodel-roi,1366,True,4,0,0,0,b3aec932d4273fb2db8d361e9fce504474de35fa,34520728076
/blog/kitchen-remodel-roi,1440,True,4,0,0,0,b3aec932d4273fb2db8d361e9fce504474de35fa,34520728076
/blog/kitchen-remodel-roi,1920,True,4,0,0,0,b3aec932d4273fb2db8d361e9fce504474de35fa,34520728076
/blog/kitchen-remodel-timeline-boise,320,True,4,0,0,0,b3aec932d4273fb2db8d361e9fce504474de35fa,34520728076
/blog/kitchen-remodel-timeline-boise,390,True,4,0,0,0,b3aec932d4273fb2db8d361e9fce504474de35fa,34520728076
/blog/kitchen-remodel-timeline-boise,430,True,4,0,0,0,b3aec932d4273fb2db8d361e9fce504474de35fa,34520728076
/blog/kitchen-remodel-timeline-boise,600,True,4,0,0,0,b3aec932d4273fb2db8d361e9fce504474de35fa,34520728076
/blog/kitchen-remodel-timeline-boise,768,True,4,0,0,0,b3aec932d4273fb2db8d361e9fce504474de35fa,34520728076
/blog/kitchen-remodel-timeline-boise,1024,True,4,0,0,0,b3aec932d4273fb2db8d361e9fce504474de35fa,34520728076
/blog/kitchen-remodel-timeline-boise,1366,True,4,0,0,0,b3aec932d4273fb2db8d361e9fce504474de35fa,34520728076
/blog/kitchen-remodel-timeline-boise,1440,True,4,0,0,0,b3aec932d4273fb2db8d361e9fce504474de35fa,34520728076
/blog/kitchen-remodel-timeline-boise,1920,True,4,0,0,0,b3aec932d4273fb2db8d361e9fce504474de35fa,34520728076
/blog/living-through-a-remodel,320,True,4,0,0,0,b3aec932d4273fb2db8d361e9fce504474de35fa,34520728076
/blog/living-through-a-remodel,390,True,4,0,0,0,b3aec932d4273fb2db8d361e9fce504474de35fa,34520728076
/blog/living-through-a-remodel,430,True,4,0,0,0,b3aec932d4273fb2db8d361e9fce504474de35fa,34520728076
/blog/living-through-a-remodel,600,True,4,0,0,0,b3aec932d4273fb2db8d361e9fce504474de35fa,34520728076
/blog/living-through-a-remodel,768,True,4,0,0,0,b3aec932d4273fb2db8d361e9fce504474de35fa,34520728076
/blog/living-through-a-remodel,1024,True,4,0,0,0,b3aec932d4273fb2db8d361e9fce504474de35fa,34520728076
/blog/living-through-a-remodel,1366,True,4,0,0,0,b3aec932d4273fb2db8d361e9fce504474de35fa,34520728076
/blog/living-through-a-remodel,1440,True,4,0,0,0,b3aec932d4273fb2db8d361e9fce504474de35fa,34520728076
/blog/living-through-a-remodel,1920,True,4,0,0,0,b3aec932d4273fb2db8d361e9fce504474de35fa,34520728076
/blog/luxury-bathroom-features,320,True,4,0,0,0,b3aec932d4273fb2db8d361e9fce504474de35fa,34520728076
/blog/luxury-bathroom-features,390,True,4,0,0,0,b3aec932d4273fb2db8d361e9fce504474de35fa,34520728076
/blog/luxury-bathroom-features,430,True,4,0,0,0,b3aec932d4273fb2db8d361e9fce504474de35fa,34520728076
/blog/luxury-bathroom-features,600,True,4,0,0,0,b3aec932d4273fb2db8d361e9fce504474de35fa,34520728076
/blog/luxury-bathroom-features,768,True,4,0,0,0,b3aec932d4273fb2db8d361e9fce504474de35fa,34520728076
/blog/luxury-bathroom-features,1024,True,4,0,0,0,b3aec932d4273fb2db8d361e9fce504474de35fa,34520728076
/blog/luxury-bathroom-features,1366,True,4,0,0,0,b3aec932d4273fb2db8d361e9fce504474de35fa,34520728076
/blog/luxury-bathroom-features,1440,True,4,0,0,0,b3aec932d4273fb2db8d361e9fce504474de35fa,34520728076
/blog/luxury-bathroom-features,1920,True,4,0,0,0,b3aec932d4273fb2db8d361e9fce504474de35fa,34520728076
/blog/luxury-outdoor-living,320,True,4,0,0,0,b3aec932d4273fb2db8d361e9fce504474de35fa,34520728076
/blog/luxury-outdoor-living,390,True,4,0,0,0,b3aec932d4273fb2db8d361e9fce504474de35fa,34520728076
/blog/luxury-outdoor-living,430,True,4,0,0,0,b3aec932d4273fb2db8d361e9fce504474de35fa,34520728076
/blog/luxury-outdoor-living,600,True,4,0,0,0,b3aec932d4273fb2db8d361e9fce504474de35fa,34520728076
/blog/luxury-outdoor-living,768,True,4,0,0,0,b3aec932d4273fb2db8d361e9fce504474de35fa,34520728076
/blog/luxury-outdoor-living,1024,True,4,0,0,0,b3aec932d4273fb2db8d361e9fce504474de35fa,34520728076
/blog/luxury-outdoor-living,1366,True,4,0,0,0,b3aec932d4273fb2db8d361e9fce504474de35fa,34520728076
/blog/luxury-outdoor-living,1440,True,4,0,0,0,b3aec932d4273fb2db8d361e9fce504474de35fa,34520728076
/blog/luxury-outdoor-living,1920,True,4,0,0,0,b3aec932d4273fb2db8d361e9fce504474de35fa,34520728076
/blog/luxury-remodel-cost-boise,320,True,4,0,0,0,b3aec932d4273fb2db8d361e9fce504474de35fa,34520728076
/blog/luxury-remodel-cost-boise,390,True,4,0,0,0,b3aec932d4273fb2db8d361e9fce504474de35fa,34520728076
/blog/luxury-remodel-cost-boise,430,True,4,0,0,0,b3aec932d4273fb2db8d361e9fce504474de35fa,34520728076
/blog/luxury-remodel-cost-boise,600,True,4,0,0,0,b3aec932d4273fb2db8d361e9fce504474de35fa,34520728076
/blog/luxury-remodel-cost-boise,768,True,4,0,0,0,b3aec932d4273fb2db8d361e9fce504474de35fa,34520728076
/blog/luxury-remodel-cost-boise,1024,True,4,0,0,0,b3aec932d4273fb2db8d361e9fce504474de35fa,34520728076
/blog/luxury-remodel-cost-boise,1366,True,4,0,0,0,b3aec932d4273fb2db8d361e9fce504474de35fa,34520728076
/blog/luxury-remodel-cost-boise,1440,True,4,0,0,0,b3aec932d4273fb2db8d361e9fce504474de35fa,34520728076
/blog/luxury-remodel-cost-boise,1920,True,4,0,0,0,b3aec932d4273fb2db8d361e9fce504474de35fa,34520728076
/blog/material-selection-guide,320,True,4,0,0,0,b3aec932d4273fb2db8d361e9fce504474de35fa,34520728076
/blog/material-selection-guide,390,True,4,0,0,0,b3aec932d4273fb2db8d361e9fce504474de35fa,34520728076
/blog/material-selection-guide,430,True,4,0,0,0,b3aec932d4273fb2db8d361e9fce504474de35fa,34520728076
/blog/material-selection-guide,600,True,4,0,0,0,b3aec932d4273fb2db8d361e9fce504474de35fa,34520728076
/blog/material-selection-guide,768,True,4,0,0,0,b3aec932d4273fb2db8d361e9fce504474de35fa,34520728076
/blog/material-selection-guide,1024,True,4,0,0,0,b3aec932d4273fb2db8d361e9fce504474de35fa,34520728076
/blog/material-selection-guide,1366,True,4,0,0,0,b3aec932d4273fb2db8d361e9fce504474de35fa,34520728076
/blog/material-selection-guide,1440,True,4,0,0,0,b3aec932d4273fb2db8d361e9fce504474de35fa,34520728076
/blog/material-selection-guide,1920,True,4,0,0,0,b3aec932d4273fb2db8d361e9fce504474de35fa,34520728076
/blog/multigenerational-living-remodels,320,True,4,0,0,0,b3aec932d4273fb2db8d361e9fce504474de35fa,34520728076
/blog/multigenerational-living-remodels,390,True,4,0,0,0,b3aec932d4273fb2db8d361e9fce504474de35fa,34520728076
/blog/multigenerational-living-remodels,430,True,4,0,0,0,b3aec932d4273fb2db8d361e9fce504474de35fa,34520728076
/blog/multigenerational-living-remodels,600,True,4,0,0,0,b3aec932d4273fb2db8d361e9fce504474de35fa,34520728076
/blog/multigenerational-living-remodels,768,True,4,0,0,0,b3aec932d4273fb2db8d361e9fce504474de35fa,34520728076
/blog/multigenerational-living-remodels,1024,True,4,0,0,0,b3aec932d4273fb2db8d361e9fce504474de35fa,34520728076
/blog/multigenerational-living-remodels,1366,True,4,0,0,0,b3aec932d4273fb2db8d361e9fce504474de35fa,34520728076
/blog/multigenerational-living-remodels,1440,True,4,0,0,0,b3aec932d4273fb2db8d361e9fce504474de35fa,34520728076
/blog/multigenerational-living-remodels,1920,True,4,0,0,0,b3aec932d4273fb2db8d361e9fce504474de35fa,34520728076
/blog/open-concept-kitchen-remodeling,320,True,4,0,0,0,b3aec932d4273fb2db8d361e9fce504474de35fa,34520728076
/blog/open-concept-kitchen-remodeling,390,True,4,0,0,0,b3aec932d4273fb2db8d361e9fce504474de35fa,34520728076
/blog/open-concept-kitchen-remodeling,430,True,4,0,0,0,b3aec932d4273fb2db8d361e9fce504474de35fa,34520728076
/blog/open-concept-kitchen-remodeling,600,True,4,0,0,0,b3aec932d4273fb2db8d361e9fce504474de35fa,34520728076
/blog/open-concept-kitchen-remodeling,768,True,4,0,0,0,b3aec932d4273fb2db8d361e9fce504474de35fa,34520728076
/blog/open-concept-kitchen-remodeling,1024,True,4,0,0,0,b3aec932d4273fb2db8d361e9fce504474de35fa,34520728076
/blog/open-concept-kitchen-remodeling,1366,True,4,0,0,0,b3aec932d4273fb2db8d361e9fce504474de35fa,34520728076
/blog/open-concept-kitchen-remodeling,1440,True,4,0,0,0,b3aec932d4273fb2db8d361e9fce504474de35fa,34520728076
/blog/open-concept-kitchen-remodeling,1920,True,4,0,0,0,b3aec932d4273fb2db8d361e9fce504474de35fa,34520728076
/blog/outdoor-entertaining-spaces,320,True,4,0,0,0,b3aec932d4273fb2db8d361e9fce504474de35fa,34520728076
/blog/outdoor-entertaining-spaces,390,True,4,0,0,0,b3aec932d4273fb2db8d361e9fce504474de35fa,34520728076
/blog/outdoor-entertaining-spaces,430,True,4,0,0,0,b3aec932d4273fb2db8d361e9fce504474de35fa,34520728076
/blog/outdoor-entertaining-spaces,600,True,4,0,0,0,b3aec932d4273fb2db8d361e9fce504474de35fa,34520728076
/blog/outdoor-entertaining-spaces,768,True,4,0,0,0,b3aec932d4273fb2db8d361e9fce504474de35fa,34520728076
/blog/outdoor-entertaining-spaces,1024,True,4,0,0,0,b3aec932d4273fb2db8d361e9fce504474de35fa,34520728076
/blog/outdoor-entertaining-spaces,1366,True,4,0,0,0,b3aec932d4273fb2db8d361e9fce504474de35fa,34520728076
/blog/outdoor-entertaining-spaces,1440,True,4,0,0,0,b3aec932d4273fb2db8d361e9fce504474de35fa,34520728076
/blog/outdoor-entertaining-spaces,1920,True,4,0,0,0,b3aec932d4273fb2db8d361e9fce504474de35fa,34520728076
/blog/outdoor-fireplaces-boise,320,True,4,0,0,0,b3aec932d4273fb2db8d361e9fce504474de35fa,34520728076
/blog/outdoor-fireplaces-boise,390,True,4,0,0,0,b3aec932d4273fb2db8d361e9fce504474de35fa,34520728076
/blog/outdoor-fireplaces-boise,430,True,4,0,0,0,b3aec932d4273fb2db8d361e9fce504474de35fa,34520728076
/blog/outdoor-fireplaces-boise,600,True,4,0,0,0,b3aec932d4273fb2db8d361e9fce504474de35fa,34520728076
/blog/outdoor-fireplaces-boise,768,True,4,0,0,0,b3aec932d4273fb2db8d361e9fce504474de35fa,34520728076
/blog/outdoor-fireplaces-boise,1024,True,4,0,0,0,b3aec932d4273fb2db8d361e9fce504474de35fa,34520728076
/blog/outdoor-fireplaces-boise,1366,True,4,0,0,0,b3aec932d4273fb2db8d361e9fce504474de35fa,34520728076
/blog/outdoor-fireplaces-boise,1440,True,4,0,0,0,b3aec932d4273fb2db8d361e9fce504474de35fa,34520728076
/blog/outdoor-fireplaces-boise,1920,True,4,0,0,0,b3aec932d4273fb2db8d361e9fce504474de35fa,34520728076
/blog/outdoor-kitchens-boise,320,True,4,0,0,0,b3aec932d4273fb2db8d361e9fce504474de35fa,34520728076
/blog/outdoor-kitchens-boise,390,True,4,0,0,0,b3aec932d4273fb2db8d361e9fce504474de35fa,34520728076
/blog/outdoor-kitchens-boise,430,True,4,0,0,0,b3aec932d4273fb2db8d361e9fce504474de35fa,34520728076
/blog/outdoor-kitchens-boise,600,True,4,0,0,0,b3aec932d4273fb2db8d361e9fce504474de35fa,34520728076
/blog/outdoor-kitchens-boise,768,True,4,0,0,0,b3aec932d4273fb2db8d361e9fce504474de35fa,34520728076
/blog/outdoor-kitchens-boise,1024,True,4,0,0,0,b3aec932d4273fb2db8d361e9fce504474de35fa,34520728076
/blog/outdoor-kitchens-boise,1366,True,4,0,0,0,b3aec932d4273fb2db8d361e9fce504474de35fa,34520728076
/blog/outdoor-kitchens-boise,1440,True,4,0,0,0,b3aec932d4273fb2db8d361e9fce504474de35fa,34520728076
/blog/outdoor-kitchens-boise,1920,True,4,0,0,0,b3aec932d4273fb2db8d361e9fce504474de35fa,34520728076
/blog/outdoor-living-roi,320,True,4,0,0,0,b3aec932d4273fb2db8d361e9fce504474de35fa,34520728076
/blog/outdoor-living-roi,390,True,4,0,0,0,b3aec932d4273fb2db8d361e9fce504474de35fa,34520728076
/blog/outdoor-living-roi,430,True,4,0,0,0,b3aec932d4273fb2db8d361e9fce504474de35fa,34520728076
/blog/outdoor-living-roi,600,True,4,0,0,0,b3aec932d4273fb2db8d361e9fce504474de35fa,34520728076
/blog/outdoor-living-roi,768,True,4,0,0,0,b3aec932d4273fb2db8d361e9fce504474de35fa,34520728076
/blog/outdoor-living-roi,1024,True,4,0,0,0,b3aec932d4273fb2db8d361e9fce504474de35fa,34520728076
/blog/outdoor-living-roi,1366,True,4,0,0,0,b3aec932d4273fb2db8d361e9fce504474de35fa,34520728076
/blog/outdoor-living-roi,1440,True,4,0,0,0,b3aec932d4273fb2db8d361e9fce504474de35fa,34520728076
/blog/outdoor-living-roi,1920,True,4,0,0,0,b3aec932d4273fb2db8d361e9fce504474de35fa,34520728076
/blog/preconstruction-guide,320,True,4,0,0,0,b3aec932d4273fb2db8d361e9fce504474de35fa,34520728076
/blog/preconstruction-guide,390,True,4,0,0,0,b3aec932d4273fb2db8d361e9fce504474de35fa,34520728076
/blog/preconstruction-guide,430,True,4,0,0,0,b3aec932d4273fb2db8d361e9fce504474de35fa,34520728076
/blog/preconstruction-guide,600,True,4,0,0,0,b3aec932d4273fb2db8d361e9fce504474de35fa,34520728076
/blog/preconstruction-guide,768,True,4,0,0,0,b3aec932d4273fb2db8d361e9fce504474de35fa,34520728076
/blog/preconstruction-guide,1024,True,4,0,0,0,b3aec932d4273fb2db8d361e9fce504474de35fa,34520728076
/blog/preconstruction-guide,1366,True,4,0,0,0,b3aec932d4273fb2db8d361e9fce504474de35fa,34520728076
/blog/preconstruction-guide,1440,True,4,0,0,0,b3aec932d4273fb2db8d361e9fce504474de35fa,34520728076
/blog/preconstruction-guide,1920,True,4,0,0,0,b3aec932d4273fb2db8d361e9fce504474de35fa,34520728076
/blog/primary-suite-additions,320,True,4,0,0,0,b3aec932d4273fb2db8d361e9fce504474de35fa,34520728076
/blog/primary-suite-additions,390,True,4,0,0,0,b3aec932d4273fb2db8d361e9fce504474de35fa,34520728076
/blog/primary-suite-additions,430,True,4,0,0,0,b3aec932d4273fb2db8d361e9fce504474de35fa,34520728076
/blog/primary-suite-additions,600,True,4,0,0,0,b3aec932d4273fb2db8d361e9fce504474de35fa,34520728076
/blog/primary-suite-additions,768,True,4,0,0,0,b3aec932d4273fb2db8d361e9fce504474de35fa,34520728076
/blog/primary-suite-additions,1024,True,4,0,0,0,b3aec932d4273fb2db8d361e9fce504474de35fa,34520728076
/blog/primary-suite-additions,1366,True,4,0,0,0,b3aec932d4273fb2db8d361e9fce504474de35fa,34520728076
/blog/primary-suite-additions,1440,True,4,0,0,0,b3aec932d4273fb2db8d361e9fce504474de35fa,34520728076
/blog/primary-suite-additions,1920,True,4,0,0,0,b3aec932d4273fb2db8d361e9fce504474de35fa,34520728076
/blog/punch-list-guide,320,True,4,0,0,0,b3aec932d4273fb2db8d361e9fce504474de35fa,34520728076
/blog/punch-list-guide,390,True,4,0,0,0,b3aec932d4273fb2db8d361e9fce504474de35fa,34520728076
/blog/punch-list-guide,430,True,4,0,0,0,b3aec932d4273fb2db8d361e9fce504474de35fa,34520728076
/blog/punch-list-guide,600,True,4,0,0,0,b3aec932d4273fb2db8d361e9fce504474de35fa,34520728076
/blog/punch-list-guide,768,True,4,0,0,0,b3aec932d4273fb2db8d361e9fce504474de35fa,34520728076
/blog/punch-list-guide,1024,True,4,0,0,0,b3aec932d4273fb2db8d361e9fce504474de35fa,34520728076
/blog/punch-list-guide,1366,True,4,0,0,0,b3aec932d4273fb2db8d361e9fce504474de35fa,34520728076
/blog/punch-list-guide,1440,True,4,0,0,0,b3aec932d4273fb2db8d361e9fce504474de35fa,34520728076
/blog/punch-list-guide,1920,True,4,0,0,0,b3aec932d4273fb2db8d361e9fce504474de35fa,34520728076
/blog/quartz-vs-quartzite-countertops,320,True,4,0,0,0,b3aec932d4273fb2db8d361e9fce504474de35fa,34520728076
/blog/quartz-vs-quartzite-countertops,390,True,4,0,0,0,b3aec932d4273fb2db8d361e9fce504474de35fa,34520728076
/blog/quartz-vs-quartzite-countertops,430,True,4,0,0,0,b3aec932d4273fb2db8d361e9fce504474de35fa,34520728076
/blog/quartz-vs-quartzite-countertops,600,True,4,0,0,0,b3aec932d4273fb2db8d361e9fce504474de35fa,34520728076
/blog/quartz-vs-quartzite-countertops,768,True,4,0,0,0,b3aec932d4273fb2db8d361e9fce504474de35fa,34520728076
/blog/quartz-vs-quartzite-countertops,1024,True,4,0,0,0,b3aec932d4273fb2db8d361e9fce504474de35fa,34520728076
/blog/quartz-vs-quartzite-countertops,1366,True,4,0,0,0,b3aec932d4273fb2db8d361e9fce504474de35fa,34520728076
/blog/quartz-vs-quartzite-countertops,1440,True,4,0,0,0,b3aec932d4273fb2db8d361e9fce504474de35fa,34520728076
/blog/quartz-vs-quartzite-countertops,1920,True,4,0,0,0,b3aec932d4273fb2db8d361e9fce504474de35fa,34520728076
/blog/quartz-vs-quartzite-kitchen,320,True,4,0,0,0,b3aec932d4273fb2db8d361e9fce504474de35fa,34520728076
/blog/quartz-vs-quartzite-kitchen,390,True,4,0,0,0,b3aec932d4273fb2db8d361e9fce504474de35fa,34520728076
/blog/quartz-vs-quartzite-kitchen,430,True,4,0,0,0,b3aec932d4273fb2db8d361e9fce504474de35fa,34520728076
/blog/quartz-vs-quartzite-kitchen,600,True,4,0,0,0,b3aec932d4273fb2db8d361e9fce504474de35fa,34520728076
/blog/quartz-vs-quartzite-kitchen,768,True,4,0,0,0,b3aec932d4273fb2db8d361e9fce504474de35fa,34520728076
/blog/quartz-vs-quartzite-kitchen,1024,True,4,0,0,0,b3aec932d4273fb2db8d361e9fce504474de35fa,34520728076
/blog/quartz-vs-quartzite-kitchen,1366,True,4,0,0,0,b3aec932d4273fb2db8d361e9fce504474de35fa,34520728076
/blog/quartz-vs-quartzite-kitchen,1440,True,4,0,0,0,b3aec932d4273fb2db8d361e9fce504474de35fa,34520728076
/blog/quartz-vs-quartzite-kitchen,1920,True,4,0,0,0,b3aec932d4273fb2db8d361e9fce504474de35fa,34520728076
/blog/questions-to-ask-remodeling-contractor,320,True,4,0,0,0,b3aec932d4273fb2db8d361e9fce504474de35fa,34520728076
/blog/questions-to-ask-remodeling-contractor,390,True,4,0,0,0,b3aec932d4273fb2db8d361e9fce504474de35fa,34520728076
/blog/questions-to-ask-remodeling-contractor,430,True,4,0,0,0,b3aec932d4273fb2db8d361e9fce504474de35fa,34520728076
/blog/questions-to-ask-remodeling-contractor,600,True,4,0,0,0,b3aec932d4273fb2db8d361e9fce504474de35fa,34520728076
/blog/questions-to-ask-remodeling-contractor,768,True,4,0,0,0,b3aec932d4273fb2db8d361e9fce504474de35fa,34520728076
/blog/questions-to-ask-remodeling-contractor,1024,True,4,0,0,0,b3aec932d4273fb2db8d361e9fce504474de35fa,34520728076
/blog/questions-to-ask-remodeling-contractor,1366,True,4,0,0,0,b3aec932d4273fb2db8d361e9fce504474de35fa,34520728076
/blog/questions-to-ask-remodeling-contractor,1440,True,4,0,0,0,b3aec932d4273fb2db8d361e9fce504474de35fa,34520728076
/blog/questions-to-ask-remodeling-contractor,1920,True,4,0,0,0,b3aec932d4273fb2db8d361e9fce504474de35fa,34520728076
/blog/remodel-cost-per-square-foot-boise,320,True,4,0,0,0,b3aec932d4273fb2db8d361e9fce504474de35fa,34520728076
/blog/remodel-cost-per-square-foot-boise,390,True,4,0,0,0,b3aec932d4273fb2db8d361e9fce504474de35fa,34520728076
/blog/remodel-cost-per-square-foot-boise,430,True,4,0,0,0,b3aec932d4273fb2db8d361e9fce504474de35fa,34520728076
/blog/remodel-cost-per-square-foot-boise,600,True,4,0,0,0,b3aec932d4273fb2db8d361e9fce504474de35fa,34520728076
/blog/remodel-cost-per-square-foot-boise,768,True,4,0,0,0,b3aec932d4273fb2db8d361e9fce504474de35fa,34520728076
/blog/remodel-cost-per-square-foot-boise,1024,True,4,0,0,0,b3aec932d4273fb2db8d361e9fce504474de35fa,34520728076
/blog/remodel-cost-per-square-foot-boise,1366,True,4,0,0,0,b3aec932d4273fb2db8d361e9fce504474de35fa,34520728076
/blog/remodel-cost-per-square-foot-boise,1440,True,4,0,0,0,b3aec932d4273fb2db8d361e9fce504474de35fa,34520728076
/blog/remodel-cost-per-square-foot-boise,1920,True,4,0,0,0,b3aec932d4273fb2db8d361e9fce504474de35fa,34520728076
/blog/remodel-planning-guide,320,True,4,0,0,0,b3aec932d4273fb2db8d361e9fce504474de35fa,34520728076
/blog/remodel-planning-guide,390,True,4,0,0,0,b3aec932d4273fb2db8d361e9fce504474de35fa,34520728076
/blog/remodel-planning-guide,430,True,4,0,0,0,b3aec932d4273fb2db8d361e9fce504474de35fa,34520728076
/blog/remodel-planning-guide,600,True,4,0,0,0,b3aec932d4273fb2db8d361e9fce504474de35fa,34520728076
/blog/remodel-planning-guide,768,True,4,0,0,0,b3aec932d4273fb2db8d361e9fce504474de35fa,34520728076
/blog/remodel-planning-guide,1024,True,4,0,0,0,b3aec932d4273fb2db8d361e9fce504474de35fa,34520728076
/blog/remodel-planning-guide,1366,True,4,0,0,0,b3aec932d4273fb2db8d361e9fce504474de35fa,34520728076
/blog/remodel-planning-guide,1440,True,4,0,0,0,b3aec932d4273fb2db8d361e9fce504474de35fa,34520728076
/blog/remodel-planning-guide,1920,True,4,0,0,0,b3aec932d4273fb2db8d361e9fce504474de35fa,34520728076
/blog/remodeling-before-selling,320,True,4,0,0,0,b3aec932d4273fb2db8d361e9fce504474de35fa,34520728076
/blog/remodeling-before-selling,390,True,4,0,0,0,b3aec932d4273fb2db8d361e9fce504474de35fa,34520728076
/blog/remodeling-before-selling,430,True,4,0,0,0,b3aec932d4273fb2db8d361e9fce504474de35fa,34520728076
/blog/remodeling-before-selling,600,True,4,0,0,0,b3aec932d4273fb2db8d361e9fce504474de35fa,34520728076
/blog/remodeling-before-selling,768,True,4,0,0,0,b3aec932d4273fb2db8d361e9fce504474de35fa,34520728076
/blog/remodeling-before-selling,1024,True,4,0,0,0,b3aec932d4273fb2db8d361e9fce504474de35fa,34520728076
/blog/remodeling-before-selling,1366,True,4,0,0,0,b3aec932d4273fb2db8d361e9fce504474de35fa,34520728076
/blog/remodeling-before-selling,1440,True,4,0,0,0,b3aec932d4273fb2db8d361e9fce504474de35fa,34520728076
/blog/remodeling-before-selling,1920,True,4,0,0,0,b3aec932d4273fb2db8d361e9fce504474de35fa,34520728076
/blog/remodeling-contractor-red-flags,320,True,4,0,0,0,b3aec932d4273fb2db8d361e9fce504474de35fa,34520728076
/blog/remodeling-contractor-red-flags,390,True,4,0,0,0,b3aec932d4273fb2db8d361e9fce504474de35fa,34520728076
/blog/remodeling-contractor-red-flags,430,True,4,0,0,0,b3aec932d4273fb2db8d361e9fce504474de35fa,34520728076
/blog/remodeling-contractor-red-flags,600,True,4,0,0,0,b3aec932d4273fb2db8d361e9fce504474de35fa,34520728076
/blog/remodeling-contractor-red-flags,768,True,4,0,0,0,b3aec932d4273fb2db8d361e9fce504474de35fa,34520728076
/blog/remodeling-contractor-red-flags,1024,True,4,0,0,0,b3aec932d4273fb2db8d361e9fce504474de35fa,34520728076
/blog/remodeling-contractor-red-flags,1366,True,4,0,0,0,b3aec932d4273fb2db8d361e9fce504474de35fa,34520728076
/blog/remodeling-contractor-red-flags,1440,True,4,0,0,0,b3aec932d4273fb2db8d361e9fce504474de35fa,34520728076
/blog/remodeling-contractor-red-flags,1920,True,4,0,0,0,b3aec932d4273fb2db8d361e9fce504474de35fa,34520728076
/blog/remodeling-long-term-living,320,True,4,0,0,0,b3aec932d4273fb2db8d361e9fce504474de35fa,34520728076
/blog/remodeling-long-term-living,390,True,4,0,0,0,b3aec932d4273fb2db8d361e9fce504474de35fa,34520728076
/blog/remodeling-long-term-living,430,True,4,0,0,0,b3aec932d4273fb2db8d361e9fce504474de35fa,34520728076
/blog/remodeling-long-term-living,600,True,4,0,0,0,b3aec932d4273fb2db8d361e9fce504474de35fa,34520728076
/blog/remodeling-long-term-living,768,True,4,0,0,0,b3aec932d4273fb2db8d361e9fce504474de35fa,34520728076
/blog/remodeling-long-term-living,1024,True,4,0,0,0,b3aec932d4273fb2db8d361e9fce504474de35fa,34520728076
/blog/remodeling-long-term-living,1366,True,4,0,0,0,b3aec932d4273fb2db8d361e9fce504474de35fa,34520728076
/blog/remodeling-long-term-living,1440,True,4,0,0,0,b3aec932d4273fb2db8d361e9fce504474de35fa,34520728076
/blog/remodeling-long-term-living,1920,True,4,0,0,0,b3aec932d4273fb2db8d361e9fce504474de35fa,34520728076
/blog/remodeling-mistakes-to-avoid,320,True,4,0,0,0,b3aec932d4273fb2db8d361e9fce504474de35fa,34520728076
/blog/remodeling-mistakes-to-avoid,390,True,4,0,0,0,b3aec932d4273fb2db8d361e9fce504474de35fa,34520728076
/blog/remodeling-mistakes-to-avoid,430,True,4,0,0,0,b3aec932d4273fb2db8d361e9fce504474de35fa,34520728076
/blog/remodeling-mistakes-to-avoid,600,True,4,0,0,0,b3aec932d4273fb2db8d361e9fce504474de35fa,34520728076
/blog/remodeling-mistakes-to-avoid,768,True,4,0,0,0,b3aec932d4273fb2db8d361e9fce504474de35fa,34520728076
/blog/remodeling-mistakes-to-avoid,1024,True,4,0,0,0,b3aec932d4273fb2db8d361e9fce504474de35fa,34520728076
/blog/remodeling-mistakes-to-avoid,1366,True,4,0,0,0,b3aec932d4273fb2db8d361e9fce504474de35fa,34520728076
/blog/remodeling-mistakes-to-avoid,1440,True,4,0,0,0,b3aec932d4273fb2db8d361e9fce504474de35fa,34520728076
/blog/remodeling-mistakes-to-avoid,1920,True,4,0,0,0,b3aec932d4273fb2db8d361e9fce504474de35fa,34520728076
/blog/remodeling-timeline-guide,320,True,4,0,0,0,b3aec932d4273fb2db8d361e9fce504474de35fa,34520728076
/blog/remodeling-timeline-guide,390,True,4,0,0,0,b3aec932d4273fb2db8d361e9fce504474de35fa,34520728076
/blog/remodeling-timeline-guide,430,True,4,0,0,0,b3aec932d4273fb2db8d361e9fce504474de35fa,34520728076
/blog/remodeling-timeline-guide,600,True,4,0,0,0,b3aec932d4273fb2db8d361e9fce504474de35fa,34520728076
/blog/remodeling-timeline-guide,768,True,4,0,0,0,b3aec932d4273fb2db8d361e9fce504474de35fa,34520728076
/blog/remodeling-timeline-guide,1024,True,4,0,0,0,b3aec932d4273fb2db8d361e9fce504474de35fa,34520728076
/blog/remodeling-timeline-guide,1366,True,4,0,0,0,b3aec932d4273fb2db8d361e9fce504474de35fa,34520728076
/blog/remodeling-timeline-guide,1440,True,4,0,0,0,b3aec932d4273fb2db8d361e9fce504474de35fa,34520728076
/blog/remodeling-timeline-guide,1920,True,4,0,0,0,b3aec932d4273fb2db8d361e9fce504474de35fa,34520728076
/blog/remodeling-vs-moving,320,True,4,0,0,0,b3aec932d4273fb2db8d361e9fce504474de35fa,34520728076
/blog/remodeling-vs-moving,390,True,4,0,0,0,b3aec932d4273fb2db8d361e9fce504474de35fa,34520728076
/blog/remodeling-vs-moving,430,True,4,0,0,0,b3aec932d4273fb2db8d361e9fce504474de35fa,34520728076
/blog/remodeling-vs-moving,600,True,4,0,0,0,b3aec932d4273fb2db8d361e9fce504474de35fa,34520728076
/blog/remodeling-vs-moving,768,True,4,0,0,0,b3aec932d4273fb2db8d361e9fce504474de35fa,34520728076
/blog/remodeling-vs-moving,1024,True,4,0,0,0,b3aec932d4273fb2db8d361e9fce504474de35fa,34520728076
/blog/remodeling-vs-moving,1366,True,4,0,0,0,b3aec932d4273fb2db8d361e9fce504474de35fa,34520728076
/blog/remodeling-vs-moving,1440,True,4,0,0,0,b3aec932d4273fb2db8d361e9fce504474de35fa,34520728076
/blog/remodeling-vs-moving,1920,True,4,0,0,0,b3aec932d4273fb2db8d361e9fce504474de35fa,34520728076
/blog/room-addition-guide-treasure-valley,320,True,4,0,0,0,b3aec932d4273fb2db8d361e9fce504474de35fa,34520728076
/blog/room-addition-guide-treasure-valley,390,True,4,0,0,0,b3aec932d4273fb2db8d361e9fce504474de35fa,34520728076
/blog/room-addition-guide-treasure-valley,430,True,4,0,0,0,b3aec932d4273fb2db8d361e9fce504474de35fa,34520728076
/blog/room-addition-guide-treasure-valley,600,True,4,0,0,0,b3aec932d4273fb2db8d361e9fce504474de35fa,34520728076
/blog/room-addition-guide-treasure-valley,768,True,4,0,0,0,b3aec932d4273fb2db8d361e9fce504474de35fa,34520728076
/blog/room-addition-guide-treasure-valley,1024,True,4,0,0,0,b3aec932d4273fb2db8d361e9fce504474de35fa,34520728076
/blog/room-addition-guide-treasure-valley,1366,True,4,0,0,0,b3aec932d4273fb2db8d361e9fce504474de35fa,34520728076
/blog/room-addition-guide-treasure-valley,1440,True,4,0,0,0,b3aec932d4273fb2db8d361e9fce504474de35fa,34520728076
/blog/room-addition-guide-treasure-valley,1920,True,4,0,0,0,b3aec932d4273fb2db8d361e9fce504474de35fa,34520728076
/blog/second-story-additions,320,True,4,0,0,0,b3aec932d4273fb2db8d361e9fce504474de35fa,34520728076
/blog/second-story-additions,390,True,4,0,0,0,b3aec932d4273fb2db8d361e9fce504474de35fa,34520728076
/blog/second-story-additions,430,True,4,0,0,0,b3aec932d4273fb2db8d361e9fce504474de35fa,34520728076
/blog/second-story-additions,600,True,4,0,0,0,b3aec932d4273fb2db8d361e9fce504474de35fa,34520728076
/blog/second-story-additions,768,True,4,0,0,0,b3aec932d4273fb2db8d361e9fce504474de35fa,34520728076
/blog/second-story-additions,1024,True,4,0,0,0,b3aec932d4273fb2db8d361e9fce504474de35fa,34520728076
/blog/second-story-additions,1366,True,4,0,0,0,b3aec932d4273fb2db8d361e9fce504474de35fa,34520728076
/blog/second-story-additions,1440,True,4,0,0,0,b3aec932d4273fb2db8d361e9fce504474de35fa,34520728076
/blog/second-story-additions,1920,True,4,0,0,0,b3aec932d4273fb2db8d361e9fce504474de35fa,34520728076
/blog/small-bathroom-remodel-ideas,320,True,4,0,0,0,b3aec932d4273fb2db8d361e9fce504474de35fa,34520728076
/blog/small-bathroom-remodel-ideas,390,True,4,0,0,0,b3aec932d4273fb2db8d361e9fce504474de35fa,34520728076
/blog/small-bathroom-remodel-ideas,430,True,4,0,0,0,b3aec932d4273fb2db8d361e9fce504474de35fa,34520728076
/blog/small-bathroom-remodel-ideas,600,True,4,0,0,0,b3aec932d4273fb2db8d361e9fce504474de35fa,34520728076
/blog/small-bathroom-remodel-ideas,768,True,4,0,0,0,b3aec932d4273fb2db8d361e9fce504474de35fa,34520728076
/blog/small-bathroom-remodel-ideas,1024,True,4,0,0,0,b3aec932d4273fb2db8d361e9fce504474de35fa,34520728076
/blog/small-bathroom-remodel-ideas,1366,True,4,0,0,0,b3aec932d4273fb2db8d361e9fce504474de35fa,34520728076
/blog/small-bathroom-remodel-ideas,1440,True,4,0,0,0,b3aec932d4273fb2db8d361e9fce504474de35fa,34520728076
/blog/small-bathroom-remodel-ideas,1920,True,4,0,0,0,b3aec932d4273fb2db8d361e9fce504474de35fa,34520728076
/blog/small-kitchen-remodel-ideas-boise,320,True,4,0,0,0,b3aec932d4273fb2db8d361e9fce504474de35fa,34520728076
/blog/small-kitchen-remodel-ideas-boise,390,True,4,0,0,0,b3aec932d4273fb2db8d361e9fce504474de35fa,34520728076
/blog/small-kitchen-remodel-ideas-boise,430,True,4,0,0,0,b3aec932d4273fb2db8d361e9fce504474de35fa,34520728076
/blog/small-kitchen-remodel-ideas-boise,600,True,4,0,0,0,b3aec932d4273fb2db8d361e9fce504474de35fa,34520728076
/blog/small-kitchen-remodel-ideas-boise,768,True,4,0,0,0,b3aec932d4273fb2db8d361e9fce504474de35fa,34520728076
/blog/small-kitchen-remodel-ideas-boise,1024,True,4,0,0,0,b3aec932d4273fb2db8d361e9fce504474de35fa,34520728076
/blog/small-kitchen-remodel-ideas-boise,1366,True,4,0,0,0,b3aec932d4273fb2db8d361e9fce504474de35fa,34520728076
/blog/small-kitchen-remodel-ideas-boise,1440,True,4,0,0,0,b3aec932d4273fb2db8d361e9fce504474de35fa,34520728076
/blog/small-kitchen-remodel-ideas-boise,1920,True,4,0,0,0,b3aec932d4273fb2db8d361e9fce504474de35fa,34520728076
/blog/walk-in-pantry-design-guide,320,True,4,0,0,0,b3aec932d4273fb2db8d361e9fce504474de35fa,34520728076
/blog/walk-in-pantry-design-guide,390,True,4,0,0,0,b3aec932d4273fb2db8d361e9fce504474de35fa,34520728076
/blog/walk-in-pantry-design-guide,430,True,4,0,0,0,b3aec932d4273fb2db8d361e9fce504474de35fa,34520728076
/blog/walk-in-pantry-design-guide,600,True,4,0,0,0,b3aec932d4273fb2db8d361e9fce504474de35fa,34520728076
/blog/walk-in-pantry-design-guide,768,True,4,0,0,0,b3aec932d4273fb2db8d361e9fce504474de35fa,34520728076
/blog/walk-in-pantry-design-guide,1024,True,4,0,0,0,b3aec932d4273fb2db8d361e9fce504474de35fa,34520728076
/blog/walk-in-pantry-design-guide,1366,True,4,0,0,0,b3aec932d4273fb2db8d361e9fce504474de35fa,34520728076
/blog/walk-in-pantry-design-guide,1440,True,4,0,0,0,b3aec932d4273fb2db8d361e9fce504474de35fa,34520728076
/blog/walk-in-pantry-design-guide,1920,True,4,0,0,0,b3aec932d4273fb2db8d361e9fce504474de35fa,34520728076
/blog/walk-in-shower-guide,320,True,4,0,0,0,b3aec932d4273fb2db8d361e9fce504474de35fa,34520728076
/blog/walk-in-shower-guide,390,True,4,0,0,0,b3aec932d4273fb2db8d361e9fce504474de35fa,34520728076
/blog/walk-in-shower-guide,430,True,4,0,0,0,b3aec932d4273fb2db8d361e9fce504474de35fa,34520728076
/blog/walk-in-shower-guide,600,True,4,0,0,0,b3aec932d4273fb2db8d361e9fce504474de35fa,34520728076
/blog/walk-in-shower-guide,768,True,4,0,0,0,b3aec932d4273fb2db8d361e9fce504474de35fa,34520728076
/blog/walk-in-shower-guide,1024,True,4,0,0,0,b3aec932d4273fb2db8d361e9fce504474de35fa,34520728076
/blog/walk-in-shower-guide,1366,True,4,0,0,0,b3aec932d4273fb2db8d361e9fce504474de35fa,34520728076
/blog/walk-in-shower-guide,1440,True,4,0,0,0,b3aec932d4273fb2db8d361e9fce504474de35fa,34520728076
/blog/walk-in-shower-guide,1920,True,4,0,0,0,b3aec932d4273fb2db8d361e9fce504474de35fa,34520728076
/blog/warranty-guide-remodeling,320,True,4,0,0,0,b3aec932d4273fb2db8d361e9fce504474de35fa,34520728076
/blog/warranty-guide-remodeling,390,True,4,0,0,0,b3aec932d4273fb2db8d361e9fce504474de35fa,34520728076
/blog/warranty-guide-remodeling,430,True,4,0,0,0,b3aec932d4273fb2db8d361e9fce504474de35fa,34520728076
/blog/warranty-guide-remodeling,600,True,4,0,0,0,b3aec932d4273fb2db8d361e9fce504474de35fa,34520728076
/blog/warranty-guide-remodeling,768,True,4,0,0,0,b3aec932d4273fb2db8d361e9fce504474de35fa,34520728076
/blog/warranty-guide-remodeling,1024,True,4,0,0,0,b3aec932d4273fb2db8d361e9fce504474de35fa,34520728076
/blog/warranty-guide-remodeling,1366,True,4,0,0,0,b3aec932d4273fb2db8d361e9fce504474de35fa,34520728076
/blog/warranty-guide-remodeling,1440,True,4,0,0,0,b3aec932d4273fb2db8d361e9fce504474de35fa,34520728076
/blog/warranty-guide-remodeling,1920,True,4,0,0,0,b3aec932d4273fb2db8d361e9fce504474de35fa,34520728076
/blog/what-impacts-remodeling-costs-boise,320,True,4,0,0,0,b3aec932d4273fb2db8d361e9fce504474de35fa,34520728076
/blog/what-impacts-remodeling-costs-boise,390,True,4,0,0,0,b3aec932d4273fb2db8d361e9fce504474de35fa,34520728076
/blog/what-impacts-remodeling-costs-boise,430,True,4,0,0,0,b3aec932d4273fb2db8d361e9fce504474de35fa,34520728076
/blog/what-impacts-remodeling-costs-boise,600,True,4,0,0,0,b3aec932d4273fb2db8d361e9fce504474de35fa,34520728076
/blog/what-impacts-remodeling-costs-boise,768,True,4,0,0,0,b3aec932d4273fb2db8d361e9fce504474de35fa,34520728076
/blog/what-impacts-remodeling-costs-boise,1024,True,4,0,0,0,b3aec932d4273fb2db8d361e9fce504474de35fa,34520728076
/blog/what-impacts-remodeling-costs-boise,1366,True,4,0,0,0,b3aec932d4273fb2db8d361e9fce504474de35fa,34520728076
/blog/what-impacts-remodeling-costs-boise,1440,True,4,0,0,0,b3aec932d4273fb2db8d361e9fce504474de35fa,34520728076
/blog/what-impacts-remodeling-costs-boise,1920,True,4,0,0,0,b3aec932d4273fb2db8d361e9fce504474de35fa,34520728076
/blog/what-makes-great-remodeling-contractor,320,True,4,0,0,0,b3aec932d4273fb2db8d361e9fce504474de35fa,34520728076
/blog/what-makes-great-remodeling-contractor,390,True,4,0,0,0,b3aec932d4273fb2db8d361e9fce504474de35fa,34520728076
/blog/what-makes-great-remodeling-contractor,430,True,4,0,0,0,b3aec932d4273fb2db8d361e9fce504474de35fa,34520728076
/blog/what-makes-great-remodeling-contractor,600,True,4,0,0,0,b3aec932d4273fb2db8d361e9fce504474de35fa,34520728076
/blog/what-makes-great-remodeling-contractor,768,True,4,0,0,0,b3aec932d4273fb2db8d361e9fce504474de35fa,34520728076
/blog/what-makes-great-remodeling-contractor,1024,True,4,0,0,0,b3aec932d4273fb2db8d361e9fce504474de35fa,34520728076
/blog/what-makes-great-remodeling-contractor,1366,True,4,0,0,0,b3aec932d4273fb2db8d361e9fce504474de35fa,34520728076
/blog/what-makes-great-remodeling-contractor,1440,True,4,0,0,0,b3aec932d4273fb2db8d361e9fce504474de35fa,34520728076
/blog/what-makes-great-remodeling-contractor,1920,True,4,0,0,0,b3aec932d4273fb2db8d361e9fce504474de35fa,34520728076
/blog/whole-home-remodel-cost-boise,320,True,4,0,0,0,b3aec932d4273fb2db8d361e9fce504474de35fa,34520728076
/blog/whole-home-remodel-cost-boise,390,True,4,0,0,0,b3aec932d4273fb2db8d361e9fce504474de35fa,34520728076
/blog/whole-home-remodel-cost-boise,430,True,4,0,0,0,b3aec932d4273fb2db8d361e9fce504474de35fa,34520728076
/blog/whole-home-remodel-cost-boise,600,True,4,0,0,0,b3aec932d4273fb2db8d361e9fce504474de35fa,34520728076
/blog/whole-home-remodel-cost-boise,768,True,4,0,0,0,b3aec932d4273fb2db8d361e9fce504474de35fa,34520728076
/blog/whole-home-remodel-cost-boise,1024,True,4,0,0,0,b3aec932d4273fb2db8d361e9fce504474de35fa,34520728076
/blog/whole-home-remodel-cost-boise,1366,True,4,0,0,0,b3aec932d4273fb2db8d361e9fce504474de35fa,34520728076
/blog/whole-home-remodel-cost-boise,1440,True,4,0,0,0,b3aec932d4273fb2db8d361e9fce504474de35fa,34520728076
/blog/whole-home-remodel-cost-boise,1920,True,4,0,0,0,b3aec932d4273fb2db8d361e9fce504474de35fa,34520728076
/blog/whole-home-remodel-planning-checklist,320,True,4,0,0,0,b3aec932d4273fb2db8d361e9fce504474de35fa,34520728076
/blog/whole-home-remodel-planning-checklist,390,True,4,0,0,0,b3aec932d4273fb2db8d361e9fce504474de35fa,34520728076
/blog/whole-home-remodel-planning-checklist,430,True,4,0,0,0,b3aec932d4273fb2db8d361e9fce504474de35fa,34520728076
/blog/whole-home-remodel-planning-checklist,600,True,4,0,0,0,b3aec932d4273fb2db8d361e9fce504474de35fa,34520728076
/blog/whole-home-remodel-planning-checklist,768,True,4,0,0,0,b3aec932d4273fb2db8d361e9fce504474de35fa,34520728076
/blog/whole-home-remodel-planning-checklist,1024,True,4,0,0,0,b3aec932d4273fb2db8d361e9fce504474de35fa,34520728076
/blog/whole-home-remodel-planning-checklist,1366,True,4,0,0,0,b3aec932d4273fb2db8d361e9fce504474de35fa,34520728076
/blog/whole-home-remodel-planning-checklist,1440,True,4,0,0,0,b3aec932d4273fb2db8d361e9fce504474de35fa,34520728076
/blog/whole-home-remodel-planning-checklist,1920,True,4,0,0,0,b3aec932d4273fb2db8d361e9fce504474de35fa,34520728076
/blog/whole-home-remodel-timeline,320,True,4,0,0,0,b3aec932d4273fb2db8d361e9fce504474de35fa,34520728076
/blog/whole-home-remodel-timeline,390,True,4,0,0,0,b3aec932d4273fb2db8d361e9fce504474de35fa,34520728076
/blog/whole-home-remodel-timeline,430,True,4,0,0,0,b3aec932d4273fb2db8d361e9fce504474de35fa,34520728076
/blog/whole-home-remodel-timeline,600,True,4,0,0,0,b3aec932d4273fb2db8d361e9fce504474de35fa,34520728076
/blog/whole-home-remodel-timeline,768,True,4,0,0,0,b3aec932d4273fb2db8d361e9fce504474de35fa,34520728076
/blog/whole-home-remodel-timeline,1024,True,4,0,0,0,b3aec932d4273fb2db8d361e9fce504474de35fa,34520728076
/blog/whole-home-remodel-timeline,1366,True,4,0,0,0,b3aec932d4273fb2db8d361e9fce504474de35fa,34520728076
/blog/whole-home-remodel-timeline,1440,True,4,0,0,0,b3aec932d4273fb2db8d361e9fce504474de35fa,34520728076
/blog/whole-home-remodel-timeline,1920,True,4,0,0,0,b3aec932d4273fb2db8d361e9fce504474de35fa,34520728076
/blog/why-remodeling-bids-vary,320,True,4,0,0,0,b3aec932d4273fb2db8d361e9fce504474de35fa,34520728076
/blog/why-remodeling-bids-vary,390,True,4,0,0,0,b3aec932d4273fb2db8d361e9fce504474de35fa,34520728076
/blog/why-remodeling-bids-vary,430,True,4,0,0,0,b3aec932d4273fb2db8d361e9fce504474de35fa,34520728076
/blog/why-remodeling-bids-vary,600,True,4,0,0,0,b3aec932d4273fb2db8d361e9fce504474de35fa,34520728076
/blog/why-remodeling-bids-vary,768,True,4,0,0,0,b3aec932d4273fb2db8d361e9fce504474de35fa,34520728076
/blog/why-remodeling-bids-vary,1024,True,4,0,0,0,b3aec932d4273fb2db8d361e9fce504474de35fa,34520728076
/blog/why-remodeling-bids-vary,1366,True,4,0,0,0,b3aec932d4273fb2db8d361e9fce504474de35fa,34520728076
/blog/why-remodeling-bids-vary,1440,True,4,0,0,0,b3aec932d4273fb2db8d361e9fce504474de35fa,34520728076
/blog/why-remodeling-bids-vary,1920,True,4,0,0,0,b3aec932d4273fb2db8d361e9fce504474de35fa,34520728076
/contact,320,True,5,0,0,0,402275ed2355b4de73e0f7d71330a7c0252ec51f,34523180743
/contact,390,True,5,0,0,0,402275ed2355b4de73e0f7d71330a7c0252ec51f,34523180743
/contact,430,True,5,0,0,0,402275ed2355b4de73e0f7d71330a7c0252ec51f,34523180743
/contact,600,True,5,0,0,0,402275ed2355b4de73e0f7d71330a7c0252ec51f,34523180743
/contact,768,True,5,0,0,0,402275ed2355b4de73e0f7d71330a7c0252ec51f,34523180743
/contact,1024,True,5,0,0,0,402275ed2355b4de73e0f7d71330a7c0252ec51f,34523180743
/contact,1366,True,5,0,0,0,402275ed2355b4de73e0f7d71330a7c0252ec51f,34523180743
/contact,1440,True,5,0,0,0,402275ed2355b4de73e0f7d71330a7c0252ec51f,34523180743
/contact,1920,True,5,0,0,0,402275ed2355b4de73e0f7d71330a7c0252ec51f,34523180743
/estimate,320,True,1,0,0,0,b3aec932d4273fb2db8d361e9fce504474de35fa,34520728076
/estimate,390,True,1,0,0,0,b3aec932d4273fb2db8d361e9fce504474de35fa,34520728076
/estimate,430,True,1,0,0,0,b3aec932d4273fb2db8d361e9fce504474de35fa,34520728076
/estimate,600,True,1,0,0,0,b3aec932d4273fb2db8d361e9fce504474de35fa,34520728076
/estimate,768,True,1,0,0,0,b3aec932d4273fb2db8d361e9fce504474de35fa,34520728076
/estimate,1024,True,1,0,0,0,b3aec932d4273fb2db8d361e9fce504474de35fa,34520728076
/estimate,1366,True,1,0,0,0,b3aec932d4273fb2db8d361e9fce504474de35fa,34520728076
/estimate,1440,True,1,0,0,0,b3aec932d4273fb2db8d361e9fce504474de35fa,34520728076
/estimate,1920,True,1,0,0,0,b3aec932d4273fb2db8d361e9fce504474de35fa,34520728076
/estimate/scope,320,True,2,0,0,0,402275ed2355b4de73e0f7d71330a7c0252ec51f,34523180743
/estimate/scope,390,True,2,0,0,0,402275ed2355b4de73e0f7d71330a7c0252ec51f,34523180743
/estimate/scope,430,True,2,0,0,0,402275ed2355b4de73e0f7d71330a7c0252ec51f,34523180743
/estimate/scope,600,True,2,0,0,0,402275ed2355b4de73e0f7d71330a7c0252ec51f,34523180743
/estimate/scope,768,True,2,0,0,0,402275ed2355b4de73e0f7d71330a7c0252ec51f,34523180743
/estimate/scope,1024,True,2,0,0,0,402275ed2355b4de73e0f7d71330a7c0252ec51f,34523180743
/estimate/scope,1366,True,2,0,0,0,402275ed2355b4de73e0f7d71330a7c0252ec51f,34523180743
/estimate/scope,1440,True,2,0,0,0,402275ed2355b4de73e0f7d71330a7c0252ec51f,34523180743
/estimate/scope,1920,True,2,0,0,0,402275ed2355b4de73e0f7d71330a7c0252ec51f,34523180743
/guides,320,True,28,0,0,0,b3aec932d4273fb2db8d361e9fce504474de35fa,34520728076
/guides,390,True,28,0,0,0,b3aec932d4273fb2db8d361e9fce504474de35fa,34520728076
/guides,430,True,28,0,0,0,b3aec932d4273fb2db8d361e9fce504474de35fa,34520728076
/guides,600,True,28,0,0,0,b3aec932d4273fb2db8d361e9fce504474de35fa,34520728076
/guides,768,True,28,0,0,0,b3aec932d4273fb2db8d361e9fce504474de35fa,34520728076
/guides,1024,True,28,0,0,0,b3aec932d4273fb2db8d361e9fce504474de35fa,34520728076
/guides,1366,True,28,0,0,0,b3aec932d4273fb2db8d361e9fce504474de35fa,34520728076
/guides,1440,True,28,0,0,0,b3aec932d4273fb2db8d361e9fce504474de35fa,34520728076
/guides,1920,True,28,0,0,0,b3aec932d4273fb2db8d361e9fce504474de35fa,34520728076
/guides/best-remodeling-roi-boise,320,True,3,0,0,0,b3aec932d4273fb2db8d361e9fce504474de35fa,34520728076
/guides/best-remodeling-roi-boise,390,True,3,0,0,0,b3aec932d4273fb2db8d361e9fce504474de35fa,34520728076
/guides/best-remodeling-roi-boise,430,True,3,0,0,0,b3aec932d4273fb2db8d361e9fce504474de35fa,34520728076
/guides/best-remodeling-roi-boise,600,True,3,0,0,0,b3aec932d4273fb2db8d361e9fce504474de35fa,34520728076
/guides/best-remodeling-roi-boise,768,True,3,0,0,0,b3aec932d4273fb2db8d361e9fce504474de35fa,34520728076
/guides/best-remodeling-roi-boise,1024,True,3,0,0,0,b3aec932d4273fb2db8d361e9fce504474de35fa,34520728076
/guides/best-remodeling-roi-boise,1366,True,3,0,0,0,b3aec932d4273fb2db8d361e9fce504474de35fa,34520728076
/guides/best-remodeling-roi-boise,1440,True,3,0,0,0,b3aec932d4273fb2db8d361e9fce504474de35fa,34520728076
/guides/best-remodeling-roi-boise,1920,True,3,0,0,0,b3aec932d4273fb2db8d361e9fce504474de35fa,34520728076
/guides/boise-adu-guide,320,True,4,0,0,0,b3aec932d4273fb2db8d361e9fce504474de35fa,34520728076
/guides/boise-adu-guide,390,True,4,0,0,0,b3aec932d4273fb2db8d361e9fce504474de35fa,34520728076
/guides/boise-adu-guide,430,True,4,0,0,0,b3aec932d4273fb2db8d361e9fce504474de35fa,34520728076
/guides/boise-adu-guide,600,True,4,0,0,0,b3aec932d4273fb2db8d361e9fce504474de35fa,34520728076
/guides/boise-adu-guide,768,True,4,0,0,0,b3aec932d4273fb2db8d361e9fce504474de35fa,34520728076
/guides/boise-adu-guide,1024,True,4,0,0,0,b3aec932d4273fb2db8d361e9fce504474de35fa,34520728076
/guides/boise-adu-guide,1366,True,4,0,0,0,b3aec932d4273fb2db8d361e9fce504474de35fa,34520728076
/guides/boise-adu-guide,1440,True,4,0,0,0,b3aec932d4273fb2db8d361e9fce504474de35fa,34520728076
/guides/boise-adu-guide,1920,True,4,0,0,0,b3aec932d4273fb2db8d361e9fce504474de35fa,34520728076
/guides/boise-bathroom-remodeling-guide,320,True,3,0,0,0,b3aec932d4273fb2db8d361e9fce504474de35fa,34520728076
/guides/boise-bathroom-remodeling-guide,390,True,3,0,0,0,b3aec932d4273fb2db8d361e9fce504474de35fa,34520728076
/guides/boise-bathroom-remodeling-guide,430,True,3,0,0,0,b3aec932d4273fb2db8d361e9fce504474de35fa,34520728076
/guides/boise-bathroom-remodeling-guide,600,True,3,0,0,0,b3aec932d4273fb2db8d361e9fce504474de35fa,34520728076
/guides/boise-bathroom-remodeling-guide,768,True,3,0,0,0,b3aec932d4273fb2db8d361e9fce504474de35fa,34520728076
/guides/boise-bathroom-remodeling-guide,1024,True,3,0,0,0,b3aec932d4273fb2db8d361e9fce504474de35fa,34520728076
/guides/boise-bathroom-remodeling-guide,1366,True,3,0,0,0,b3aec932d4273fb2db8d361e9fce504474de35fa,34520728076
/guides/boise-bathroom-remodeling-guide,1440,True,3,0,0,0,b3aec932d4273fb2db8d361e9fce504474de35fa,34520728076
/guides/boise-bathroom-remodeling-guide,1920,True,3,0,0,0,b3aec932d4273fb2db8d361e9fce504474de35fa,34520728076
/guides/boise-bench-remodeling-guide,320,True,4,0,0,0,b3aec932d4273fb2db8d361e9fce504474de35fa,34520728076
/guides/boise-bench-remodeling-guide,390,True,4,0,0,0,b3aec932d4273fb2db8d361e9fce504474de35fa,34520728076
/guides/boise-bench-remodeling-guide,430,True,4,0,0,0,b3aec932d4273fb2db8d361e9fce504474de35fa,34520728076
/guides/boise-bench-remodeling-guide,600,True,4,0,0,0,b3aec932d4273fb2db8d361e9fce504474de35fa,34520728076
/guides/boise-bench-remodeling-guide,768,True,4,0,0,0,b3aec932d4273fb2db8d361e9fce504474de35fa,34520728076
/guides/boise-bench-remodeling-guide,1024,True,4,0,0,0,b3aec932d4273fb2db8d361e9fce504474de35fa,34520728076
/guides/boise-bench-remodeling-guide,1366,True,4,0,0,0,b3aec932d4273fb2db8d361e9fce504474de35fa,34520728076
/guides/boise-bench-remodeling-guide,1440,True,4,0,0,0,b3aec932d4273fb2db8d361e9fce504474de35fa,34520728076
/guides/boise-bench-remodeling-guide,1920,True,4,0,0,0,b3aec932d4273fb2db8d361e9fce504474de35fa,34520728076
/guides/boise-home-addition-guide,320,True,3,0,0,0,b3aec932d4273fb2db8d361e9fce504474de35fa,34520728076
/guides/boise-home-addition-guide,390,True,3,0,0,0,b3aec932d4273fb2db8d361e9fce504474de35fa,34520728076
/guides/boise-home-addition-guide,430,True,3,0,0,0,b3aec932d4273fb2db8d361e9fce504474de35fa,34520728076
/guides/boise-home-addition-guide,600,True,3,0,0,0,b3aec932d4273fb2db8d361e9fce504474de35fa,34520728076
/guides/boise-home-addition-guide,768,True,3,0,0,0,b3aec932d4273fb2db8d361e9fce504474de35fa,34520728076
/guides/boise-home-addition-guide,1024,True,3,0,0,0,b3aec932d4273fb2db8d361e9fce504474de35fa,34520728076
/guides/boise-home-addition-guide,1366,True,3,0,0,0,b3aec932d4273fb2db8d361e9fce504474de35fa,34520728076
/guides/boise-home-addition-guide,1440,True,3,0,0,0,b3aec932d4273fb2db8d361e9fce504474de35fa,34520728076
/guides/boise-home-addition-guide,1920,True,3,0,0,0,b3aec932d4273fb2db8d361e9fce504474de35fa,34520728076
/guides/boise-kitchen-remodeling-guide,320,True,3,0,0,0,b3aec932d4273fb2db8d361e9fce504474de35fa,34520728076
/guides/boise-kitchen-remodeling-guide,390,True,3,0,0,0,b3aec932d4273fb2db8d361e9fce504474de35fa,34520728076
/guides/boise-kitchen-remodeling-guide,430,True,3,0,0,0,b3aec932d4273fb2db8d361e9fce504474de35fa,34520728076
/guides/boise-kitchen-remodeling-guide,600,True,3,0,0,0,b3aec932d4273fb2db8d361e9fce504474de35fa,34520728076
/guides/boise-kitchen-remodeling-guide,768,True,3,0,0,0,b3aec932d4273fb2db8d361e9fce504474de35fa,34520728076
/guides/boise-kitchen-remodeling-guide,1024,True,3,0,0,0,b3aec932d4273fb2db8d361e9fce504474de35fa,34520728076
/guides/boise-kitchen-remodeling-guide,1366,True,3,0,0,0,b3aec932d4273fb2db8d361e9fce504474de35fa,34520728076
/guides/boise-kitchen-remodeling-guide,1440,True,3,0,0,0,b3aec932d4273fb2db8d361e9fce504474de35fa,34520728076
/guides/boise-kitchen-remodeling-guide,1920,True,3,0,0,0,b3aec932d4273fb2db8d361e9fce504474de35fa,34520728076
/guides/boise-remodeling-cost-guide,320,True,3,0,0,0,b3aec932d4273fb2db8d361e9fce504474de35fa,34520728076
/guides/boise-remodeling-cost-guide,390,True,3,0,0,0,b3aec932d4273fb2db8d361e9fce504474de35fa,34520728076
/guides/boise-remodeling-cost-guide,430,True,3,0,0,0,b3aec932d4273fb2db8d361e9fce504474de35fa,34520728076
/guides/boise-remodeling-cost-guide,600,True,3,0,0,0,b3aec932d4273fb2db8d361e9fce504474de35fa,34520728076
/guides/boise-remodeling-cost-guide,768,True,3,0,0,0,b3aec932d4273fb2db8d361e9fce504474de35fa,34520728076
/guides/boise-remodeling-cost-guide,1024,True,3,0,0,0,b3aec932d4273fb2db8d361e9fce504474de35fa,34520728076
/guides/boise-remodeling-cost-guide,1366,True,3,0,0,0,b3aec932d4273fb2db8d361e9fce504474de35fa,34520728076
/guides/boise-remodeling-cost-guide,1440,True,3,0,0,0,b3aec932d4273fb2db8d361e9fce504474de35fa,34520728076
/guides/boise-remodeling-cost-guide,1920,True,3,0,0,0,b3aec932d4273fb2db8d361e9fce504474de35fa,34520728076
/guides/boise-remodeling-guide,320,True,4,0,0,0,b3aec932d4273fb2db8d361e9fce504474de35fa,34520728076
/guides/boise-remodeling-guide,390,True,4,0,0,0,b3aec932d4273fb2db8d361e9fce504474de35fa,34520728076
/guides/boise-remodeling-guide,430,True,4,0,0,0,b3aec932d4273fb2db8d361e9fce504474de35fa,34520728076
/guides/boise-remodeling-guide,600,True,4,0,0,0,b3aec932d4273fb2db8d361e9fce504474de35fa,34520728076
/guides/boise-remodeling-guide,768,True,4,0,0,0,b3aec932d4273fb2db8d361e9fce504474de35fa,34520728076
/guides/boise-remodeling-guide,1024,True,4,0,0,0,b3aec932d4273fb2db8d361e9fce504474de35fa,34520728076
/guides/boise-remodeling-guide,1366,True,4,0,0,0,b3aec932d4273fb2db8d361e9fce504474de35fa,34520728076
/guides/boise-remodeling-guide,1440,True,4,0,0,0,b3aec932d4273fb2db8d361e9fce504474de35fa,34520728076
/guides/boise-remodeling-guide,1920,True,4,0,0,0,b3aec932d4273fb2db8d361e9fce504474de35fa,34520728076
/guides/boise-remodeling-process-guide,320,True,3,0,0,0,b3aec932d4273fb2db8d361e9fce504474de35fa,34520728076
/guides/boise-remodeling-process-guide,390,True,3,0,0,0,b3aec932d4273fb2db8d361e9fce504474de35fa,34520728076
/guides/boise-remodeling-process-guide,430,True,3,0,0,0,b3aec932d4273fb2db8d361e9fce504474de35fa,34520728076
/guides/boise-remodeling-process-guide,600,True,3,0,0,0,b3aec932d4273fb2db8d361e9fce504474de35fa,34520728076
/guides/boise-remodeling-process-guide,768,True,3,0,0,0,b3aec932d4273fb2db8d361e9fce504474de35fa,34520728076
/guides/boise-remodeling-process-guide,1024,True,3,0,0,0,b3aec932d4273fb2db8d361e9fce504474de35fa,34520728076
/guides/boise-remodeling-process-guide,1366,True,3,0,0,0,b3aec932d4273fb2db8d361e9fce504474de35fa,34520728076
/guides/boise-remodeling-process-guide,1440,True,3,0,0,0,b3aec932d4273fb2db8d361e9fce504474de35fa,34520728076
/guides/boise-remodeling-process-guide,1920,True,3,0,0,0,b3aec932d4273fb2db8d361e9fce504474de35fa,34520728076
/guides/caldwell-remodeling-guide,320,True,4,0,0,0,b3aec932d4273fb2db8d361e9fce504474de35fa,34520728076
/guides/caldwell-remodeling-guide,390,True,4,0,0,0,b3aec932d4273fb2db8d361e9fce504474de35fa,34520728076
/guides/caldwell-remodeling-guide,430,True,4,0,0,0,b3aec932d4273fb2db8d361e9fce504474de35fa,34520728076
/guides/caldwell-remodeling-guide,600,True,4,0,0,0,b3aec932d4273fb2db8d361e9fce504474de35fa,34520728076
/guides/caldwell-remodeling-guide,768,True,4,0,0,0,b3aec932d4273fb2db8d361e9fce504474de35fa,34520728076
/guides/caldwell-remodeling-guide,1024,True,4,0,0,0,b3aec932d4273fb2db8d361e9fce504474de35fa,34520728076
/guides/caldwell-remodeling-guide,1366,True,4,0,0,0,b3aec932d4273fb2db8d361e9fce504474de35fa,34520728076
/guides/caldwell-remodeling-guide,1440,True,4,0,0,0,b3aec932d4273fb2db8d361e9fce504474de35fa,34520728076
/guides/caldwell-remodeling-guide,1920,True,4,0,0,0,b3aec932d4273fb2db8d361e9fce504474de35fa,34520728076
/guides/choose-remodeling-contractor-boise,320,True,3,0,0,0,b3aec932d4273fb2db8d361e9fce504474de35fa,34520728076
/guides/choose-remodeling-contractor-boise,390,True,3,0,0,0,b3aec932d4273fb2db8d361e9fce504474de35fa,34520728076
/guides/choose-remodeling-contractor-boise,430,True,3,0,0,0,b3aec932d4273fb2db8d361e9fce504474de35fa,34520728076
/guides/choose-remodeling-contractor-boise,600,True,3,0,0,0,b3aec932d4273fb2db8d361e9fce504474de35fa,34520728076
/guides/choose-remodeling-contractor-boise,768,True,3,0,0,0,b3aec932d4273fb2db8d361e9fce504474de35fa,34520728076
/guides/choose-remodeling-contractor-boise,1024,True,3,0,0,0,b3aec932d4273fb2db8d361e9fce504474de35fa,34520728076
/guides/choose-remodeling-contractor-boise,1366,True,3,0,0,0,b3aec932d4273fb2db8d361e9fce504474de35fa,34520728076
/guides/choose-remodeling-contractor-boise,1440,True,3,0,0,0,b3aec932d4273fb2db8d361e9fce504474de35fa,34520728076
/guides/choose-remodeling-contractor-boise,1920,True,3,0,0,0,b3aec932d4273fb2db8d361e9fce504474de35fa,34520728076
/guides/eagle-foothills-remodeling-guide,320,True,4,0,0,0,b3aec932d4273fb2db8d361e9fce504474de35fa,34520728076
/guides/eagle-foothills-remodeling-guide,390,True,4,0,0,0,b3aec932d4273fb2db8d361e9fce504474de35fa,34520728076
/guides/eagle-foothills-remodeling-guide,430,True,4,0,0,0,b3aec932d4273fb2db8d361e9fce504474de35fa,34520728076
/guides/eagle-foothills-remodeling-guide,600,True,4,0,0,0,b3aec932d4273fb2db8d361e9fce504474de35fa,34520728076
/guides/eagle-foothills-remodeling-guide,768,True,4,0,0,0,b3aec932d4273fb2db8d361e9fce504474de35fa,34520728076
/guides/eagle-foothills-remodeling-guide,1024,True,4,0,0,0,b3aec932d4273fb2db8d361e9fce504474de35fa,34520728076
/guides/eagle-foothills-remodeling-guide,1366,True,4,0,0,0,b3aec932d4273fb2db8d361e9fce504474de35fa,34520728076
/guides/eagle-foothills-remodeling-guide,1440,True,4,0,0,0,b3aec932d4273fb2db8d361e9fce504474de35fa,34520728076
/guides/eagle-foothills-remodeling-guide,1920,True,4,0,0,0,b3aec932d4273fb2db8d361e9fce504474de35fa,34520728076
/guides/eagle-remodeling-guide,320,True,4,0,0,0,b3aec932d4273fb2db8d361e9fce504474de35fa,34520728076
/guides/eagle-remodeling-guide,390,True,4,0,0,0,b3aec932d4273fb2db8d361e9fce504474de35fa,34520728076
/guides/eagle-remodeling-guide,430,True,4,0,0,0,b3aec932d4273fb2db8d361e9fce504474de35fa,34520728076
/guides/eagle-remodeling-guide,600,True,4,0,0,0,b3aec932d4273fb2db8d361e9fce504474de35fa,34520728076
/guides/eagle-remodeling-guide,768,True,4,0,0,0,b3aec932d4273fb2db8d361e9fce504474de35fa,34520728076
/guides/eagle-remodeling-guide,1024,True,4,0,0,0,b3aec932d4273fb2db8d361e9fce504474de35fa,34520728076
/guides/eagle-remodeling-guide,1366,True,4,0,0,0,b3aec932d4273fb2db8d361e9fce504474de35fa,34520728076
/guides/eagle-remodeling-guide,1440,True,4,0,0,0,b3aec932d4273fb2db8d361e9fce504474de35fa,34520728076
/guides/eagle-remodeling-guide,1920,True,4,0,0,0,b3aec932d4273fb2db8d361e9fce504474de35fa,34520728076
/guides/east-boise-remodeling-guide,320,True,4,0,0,0,b3aec932d4273fb2db8d361e9fce504474de35fa,34520728076
/guides/east-boise-remodeling-guide,390,True,4,0,0,0,b3aec932d4273fb2db8d361e9fce504474de35fa,34520728076
/guides/east-boise-remodeling-guide,430,True,4,0,0,0,b3aec932d4273fb2db8d361e9fce504474de35fa,34520728076
/guides/east-boise-remodeling-guide,600,True,4,0,0,0,b3aec932d4273fb2db8d361e9fce504474de35fa,34520728076
/guides/east-boise-remodeling-guide,768,True,4,0,0,0,b3aec932d4273fb2db8d361e9fce504474de35fa,34520728076
/guides/east-boise-remodeling-guide,1024,True,4,0,0,0,b3aec932d4273fb2db8d361e9fce504474de35fa,34520728076
/guides/east-boise-remodeling-guide,1366,True,4,0,0,0,b3aec932d4273fb2db8d361e9fce504474de35fa,34520728076
/guides/east-boise-remodeling-guide,1440,True,4,0,0,0,b3aec932d4273fb2db8d361e9fce504474de35fa,34520728076
/guides/east-boise-remodeling-guide,1920,True,4,0,0,0,b3aec932d4273fb2db8d361e9fce504474de35fa,34520728076
/guides/harris-ranch-remodeling-guide,320,True,4,0,0,0,b3aec932d4273fb2db8d361e9fce504474de35fa,34520728076
/guides/harris-ranch-remodeling-guide,390,True,4,0,0,0,b3aec932d4273fb2db8d361e9fce504474de35fa,34520728076
/guides/harris-ranch-remodeling-guide,430,True,4,0,0,0,b3aec932d4273fb2db8d361e9fce504474de35fa,34520728076
/guides/harris-ranch-remodeling-guide,600,True,4,0,0,0,b3aec932d4273fb2db8d361e9fce504474de35fa,34520728076
/guides/harris-ranch-remodeling-guide,768,True,4,0,0,0,b3aec932d4273fb2db8d361e9fce504474de35fa,34520728076
/guides/harris-ranch-remodeling-guide,1024,True,4,0,0,0,b3aec932d4273fb2db8d361e9fce504474de35fa,34520728076
/guides/harris-ranch-remodeling-guide,1366,True,4,0,0,0,b3aec932d4273fb2db8d361e9fce504474de35fa,34520728076
/guides/harris-ranch-remodeling-guide,1440,True,4,0,0,0,b3aec932d4273fb2db8d361e9fce504474de35fa,34520728076
/guides/harris-ranch-remodeling-guide,1920,True,4,0,0,0,b3aec932d4273fb2db8d361e9fce504474de35fa,34520728076
/guides/hidden-springs-remodeling-guide,320,True,4,0,0,0,b3aec932d4273fb2db8d361e9fce504474de35fa,34520728076
/guides/hidden-springs-remodeling-guide,390,True,4,0,0,0,b3aec932d4273fb2db8d361e9fce504474de35fa,34520728076
/guides/hidden-springs-remodeling-guide,430,True,4,0,0,0,b3aec932d4273fb2db8d361e9fce504474de35fa,34520728076
/guides/hidden-springs-remodeling-guide,600,True,4,0,0,0,b3aec932d4273fb2db8d361e9fce504474de35fa,34520728076
/guides/hidden-springs-remodeling-guide,768,True,4,0,0,0,b3aec932d4273fb2db8d361e9fce504474de35fa,34520728076
/guides/hidden-springs-remodeling-guide,1024,True,4,0,0,0,b3aec932d4273fb2db8d361e9fce504474de35fa,34520728076
/guides/hidden-springs-remodeling-guide,1366,True,4,0,0,0,b3aec932d4273fb2db8d361e9fce504474de35fa,34520728076
/guides/hidden-springs-remodeling-guide,1440,True,4,0,0,0,b3aec932d4273fb2db8d361e9fce504474de35fa,34520728076
/guides/hidden-springs-remodeling-guide,1920,True,4,0,0,0,b3aec932d4273fb2db8d361e9fce504474de35fa,34520728076
/guides/kuna-remodeling-guide,320,True,4,0,0,0,b3aec932d4273fb2db8d361e9fce504474de35fa,34520728076
/guides/kuna-remodeling-guide,390,True,4,0,0,0,b3aec932d4273fb2db8d361e9fce504474de35fa,34520728076
/guides/kuna-remodeling-guide,430,True,4,0,0,0,b3aec932d4273fb2db8d361e9fce504474de35fa,34520728076
/guides/kuna-remodeling-guide,600,True,4,0,0,0,b3aec932d4273fb2db8d361e9fce504474de35fa,34520728076
/guides/kuna-remodeling-guide,768,True,4,0,0,0,b3aec932d4273fb2db8d361e9fce504474de35fa,34520728076
/guides/kuna-remodeling-guide,1024,True,4,0,0,0,b3aec932d4273fb2db8d361e9fce504474de35fa,34520728076
/guides/kuna-remodeling-guide,1366,True,4,0,0,0,b3aec932d4273fb2db8d361e9fce504474de35fa,34520728076
/guides/kuna-remodeling-guide,1440,True,4,0,0,0,b3aec932d4273fb2db8d361e9fce504474de35fa,34520728076
/guides/kuna-remodeling-guide,1920,True,4,0,0,0,b3aec932d4273fb2db8d361e9fce504474de35fa,34520728076
/guides/meridian-remodeling-guide,320,True,4,0,0,0,b3aec932d4273fb2db8d361e9fce504474de35fa,34520728076
/guides/meridian-remodeling-guide,390,True,4,0,0,0,b3aec932d4273fb2db8d361e9fce504474de35fa,34520728076
/guides/meridian-remodeling-guide,430,True,4,0,0,0,b3aec932d4273fb2db8d361e9fce504474de35fa,34520728076
/guides/meridian-remodeling-guide,600,True,4,0,0,0,b3aec932d4273fb2db8d361e9fce504474de35fa,34520728076
/guides/meridian-remodeling-guide,768,True,4,0,0,0,b3aec932d4273fb2db8d361e9fce504474de35fa,34520728076
/guides/meridian-remodeling-guide,1024,True,4,0,0,0,b3aec932d4273fb2db8d361e9fce504474de35fa,34520728076
/guides/meridian-remodeling-guide,1366,True,4,0,0,0,b3aec932d4273fb2db8d361e9fce504474de35fa,34520728076
/guides/meridian-remodeling-guide,1440,True,4,0,0,0,b3aec932d4273fb2db8d361e9fce504474de35fa,34520728076
/guides/meridian-remodeling-guide,1920,True,4,0,0,0,b3aec932d4273fb2db8d361e9fce504474de35fa,34520728076
/guides/middleton-remodeling-guide,320,True,4,0,0,0,b3aec932d4273fb2db8d361e9fce504474de35fa,34520728076
/guides/middleton-remodeling-guide,390,True,4,0,0,0,b3aec932d4273fb2db8d361e9fce504474de35fa,34520728076
/guides/middleton-remodeling-guide,430,True,4,0,0,0,b3aec932d4273fb2db8d361e9fce504474de35fa,34520728076
/guides/middleton-remodeling-guide,600,True,4,0,0,0,b3aec932d4273fb2db8d361e9fce504474de35fa,34520728076
/guides/middleton-remodeling-guide,768,True,4,0,0,0,b3aec932d4273fb2db8d361e9fce504474de35fa,34520728076
/guides/middleton-remodeling-guide,1024,True,4,0,0,0,b3aec932d4273fb2db8d361e9fce504474de35fa,34520728076
/guides/middleton-remodeling-guide,1366,True,4,0,0,0,b3aec932d4273fb2db8d361e9fce504474de35fa,34520728076
/guides/middleton-remodeling-guide,1440,True,4,0,0,0,b3aec932d4273fb2db8d361e9fce504474de35fa,34520728076
/guides/middleton-remodeling-guide,1920,True,4,0,0,0,b3aec932d4273fb2db8d361e9fce504474de35fa,34520728076
/guides/nampa-remodeling-guide,320,True,4,0,0,0,b3aec932d4273fb2db8d361e9fce504474de35fa,34520728076
/guides/nampa-remodeling-guide,390,True,4,0,0,0,b3aec932d4273fb2db8d361e9fce504474de35fa,34520728076
/guides/nampa-remodeling-guide,430,True,4,0,0,0,b3aec932d4273fb2db8d361e9fce504474de35fa,34520728076
/guides/nampa-remodeling-guide,600,True,4,0,0,0,b3aec932d4273fb2db8d361e9fce504474de35fa,34520728076
/guides/nampa-remodeling-guide,768,True,4,0,0,0,b3aec932d4273fb2db8d361e9fce504474de35fa,34520728076
/guides/nampa-remodeling-guide,1024,True,4,0,0,0,b3aec932d4273fb2db8d361e9fce504474de35fa,34520728076
/guides/nampa-remodeling-guide,1366,True,4,0,0,0,b3aec932d4273fb2db8d361e9fce504474de35fa,34520728076
/guides/nampa-remodeling-guide,1440,True,4,0,0,0,b3aec932d4273fb2db8d361e9fce504474de35fa,34520728076
/guides/nampa-remodeling-guide,1920,True,4,0,0,0,b3aec932d4273fb2db8d361e9fce504474de35fa,34520728076
/guides/north-end-remodeling-guide,320,True,4,0,0,0,b3aec932d4273fb2db8d361e9fce504474de35fa,34520728076
/guides/north-end-remodeling-guide,390,True,4,0,0,0,b3aec932d4273fb2db8d361e9fce504474de35fa,34520728076
/guides/north-end-remodeling-guide,430,True,4,0,0,0,b3aec932d4273fb2db8d361e9fce504474de35fa,34520728076
/guides/north-end-remodeling-guide,600,True,4,0,0,0,b3aec932d4273fb2db8d361e9fce504474de35fa,34520728076
/guides/north-end-remodeling-guide,768,True,4,0,0,0,b3aec932d4273fb2db8d361e9fce504474de35fa,34520728076
/guides/north-end-remodeling-guide,1024,True,4,0,0,0,b3aec932d4273fb2db8d361e9fce504474de35fa,34520728076
/guides/north-end-remodeling-guide,1366,True,4,0,0,0,b3aec932d4273fb2db8d361e9fce504474de35fa,34520728076
/guides/north-end-remodeling-guide,1440,True,4,0,0,0,b3aec932d4273fb2db8d361e9fce504474de35fa,34520728076
/guides/north-end-remodeling-guide,1920,True,4,0,0,0,b3aec932d4273fb2db8d361e9fce504474de35fa,34520728076
/guides/outdoor-living-remodeling-guide,320,True,4,0,0,0,b3aec932d4273fb2db8d361e9fce504474de35fa,34520728076
/guides/outdoor-living-remodeling-guide,390,True,4,0,0,0,b3aec932d4273fb2db8d361e9fce504474de35fa,34520728076
/guides/outdoor-living-remodeling-guide,430,True,4,0,0,0,b3aec932d4273fb2db8d361e9fce504474de35fa,34520728076
/guides/outdoor-living-remodeling-guide,600,True,4,0,0,0,b3aec932d4273fb2db8d361e9fce504474de35fa,34520728076
/guides/outdoor-living-remodeling-guide,768,True,4,0,0,0,b3aec932d4273fb2db8d361e9fce504474de35fa,34520728076
/guides/outdoor-living-remodeling-guide,1024,True,4,0,0,0,b3aec932d4273fb2db8d361e9fce504474de35fa,34520728076
/guides/outdoor-living-remodeling-guide,1366,True,4,0,0,0,b3aec932d4273fb2db8d361e9fce504474de35fa,34520728076
/guides/outdoor-living-remodeling-guide,1440,True,4,0,0,0,b3aec932d4273fb2db8d361e9fce504474de35fa,34520728076
/guides/outdoor-living-remodeling-guide,1920,True,4,0,0,0,b3aec932d4273fb2db8d361e9fce504474de35fa,34520728076
/guides/star-remodeling-guide,320,True,4,0,0,0,b3aec932d4273fb2db8d361e9fce504474de35fa,34520728076
/guides/star-remodeling-guide,390,True,4,0,0,0,b3aec932d4273fb2db8d361e9fce504474de35fa,34520728076
/guides/star-remodeling-guide,430,True,4,0,0,0,b3aec932d4273fb2db8d361e9fce504474de35fa,34520728076
/guides/star-remodeling-guide,600,True,4,0,0,0,b3aec932d4273fb2db8d361e9fce504474de35fa,34520728076
/guides/star-remodeling-guide,768,True,4,0,0,0,b3aec932d4273fb2db8d361e9fce504474de35fa,34520728076
/guides/star-remodeling-guide,1024,True,4,0,0,0,b3aec932d4273fb2db8d361e9fce504474de35fa,34520728076
/guides/star-remodeling-guide,1366,True,4,0,0,0,b3aec932d4273fb2db8d361e9fce504474de35fa,34520728076
/guides/star-remodeling-guide,1440,True,4,0,0,0,b3aec932d4273fb2db8d361e9fce504474de35fa,34520728076
/guides/star-remodeling-guide,1920,True,4,0,0,0,b3aec932d4273fb2db8d361e9fce504474de35fa,34520728076
/guides/treasure-valley-remodeling-guide,320,True,3,0,0,0,b3aec932d4273fb2db8d361e9fce504474de35fa,34520728076
/guides/treasure-valley-remodeling-guide,390,True,3,0,0,0,b3aec932d4273fb2db8d361e9fce504474de35fa,34520728076
/guides/treasure-valley-remodeling-guide,430,True,3,0,0,0,b3aec932d4273fb2db8d361e9fce504474de35fa,34520728076
/guides/treasure-valley-remodeling-guide,600,True,3,0,0,0,b3aec932d4273fb2db8d361e9fce504474de35fa,34520728076
/guides/treasure-valley-remodeling-guide,768,True,3,0,0,0,b3aec932d4273fb2db8d361e9fce504474de35fa,34520728076
/guides/treasure-valley-remodeling-guide,1024,True,3,0,0,0,b3aec932d4273fb2db8d361e9fce504474de35fa,34520728076
/guides/treasure-valley-remodeling-guide,1366,True,3,0,0,0,b3aec932d4273fb2db8d361e9fce504474de35fa,34520728076
/guides/treasure-valley-remodeling-guide,1440,True,3,0,0,0,b3aec932d4273fb2db8d361e9fce504474de35fa,34520728076
/guides/treasure-valley-remodeling-guide,1920,True,3,0,0,0,b3aec932d4273fb2db8d361e9fce504474de35fa,34520728076
/guides/whole-home-remodeling-guide,320,True,3,0,0,0,b3aec932d4273fb2db8d361e9fce504474de35fa,34520728076
/guides/whole-home-remodeling-guide,390,True,3,0,0,0,b3aec932d4273fb2db8d361e9fce504474de35fa,34520728076
/guides/whole-home-remodeling-guide,430,True,3,0,0,0,b3aec932d4273fb2db8d361e9fce504474de35fa,34520728076
/guides/whole-home-remodeling-guide,600,True,3,0,0,0,b3aec932d4273fb2db8d361e9fce504474de35fa,34520728076
/guides/whole-home-remodeling-guide,768,True,3,0,0,0,b3aec932d4273fb2db8d361e9fce504474de35fa,34520728076
/guides/whole-home-remodeling-guide,1024,True,3,0,0,0,b3aec932d4273fb2db8d361e9fce504474de35fa,34520728076
/guides/whole-home-remodeling-guide,1366,True,3,0,0,0,b3aec932d4273fb2db8d361e9fce504474de35fa,34520728076
/guides/whole-home-remodeling-guide,1440,True,3,0,0,0,b3aec932d4273fb2db8d361e9fce504474de35fa,34520728076
/guides/whole-home-remodeling-guide,1920,True,3,0,0,0,b3aec932d4273fb2db8d361e9fce504474de35fa,34520728076
/privacy-policy,320,True,2,0,0,0,b3aec932d4273fb2db8d361e9fce504474de35fa,34520728076
/privacy-policy,390,True,2,0,0,0,b3aec932d4273fb2db8d361e9fce504474de35fa,34520728076
/privacy-policy,430,True,2,0,0,0,b3aec932d4273fb2db8d361e9fce504474de35fa,34520728076
/privacy-policy,600,True,2,0,0,0,b3aec932d4273fb2db8d361e9fce504474de35fa,34520728076
/privacy-policy,768,True,2,0,0,0,b3aec932d4273fb2db8d361e9fce504474de35fa,34520728076
/privacy-policy,1024,True,2,0,0,0,b3aec932d4273fb2db8d361e9fce504474de35fa,34520728076
/privacy-policy,1366,True,2,0,0,0,b3aec932d4273fb2db8d361e9fce504474de35fa,34520728076
/privacy-policy,1440,True,2,0,0,0,b3aec932d4273fb2db8d361e9fce504474de35fa,34520728076
/privacy-policy,1920,True,2,0,0,0,b3aec932d4273fb2db8d361e9fce504474de35fa,34520728076
/re-10-repairs-boise,320,True,3,0,0,0,b3aec932d4273fb2db8d361e9fce504474de35fa,34520728076
/re-10-repairs-boise,390,True,3,0,0,0,b3aec932d4273fb2db8d361e9fce504474de35fa,34520728076
/re-10-repairs-boise,430,True,3,0,0,0,b3aec932d4273fb2db8d361e9fce504474de35fa,34520728076
/re-10-repairs-boise,600,True,3,0,0,0,b3aec932d4273fb2db8d361e9fce504474de35fa,34520728076
/re-10-repairs-boise,768,True,3,0,0,0,b3aec932d4273fb2db8d361e9fce504474de35fa,34520728076
/re-10-repairs-boise,1024,True,3,0,0,0,b3aec932d4273fb2db8d361e9fce504474de35fa,34520728076
/re-10-repairs-boise,1366,True,3,0,0,0,b3aec932d4273fb2db8d361e9fce504474de35fa,34520728076
/re-10-repairs-boise,1440,True,3,0,0,0,b3aec932d4273fb2db8d361e9fce504474de35fa,34520728076
/re-10-repairs-boise,1920,True,3,0,0,0,b3aec932d4273fb2db8d361e9fce504474de35fa,34520728076
/remodel-plans-boise,320,True,3,0,0,0,b3aec932d4273fb2db8d361e9fce504474de35fa,34520728076
/remodel-plans-boise,390,True,3,0,0,0,b3aec932d4273fb2db8d361e9fce504474de35fa,34520728076
/remodel-plans-boise,430,True,3,0,0,0,b3aec932d4273fb2db8d361e9fce504474de35fa,34520728076
/remodel-plans-boise,600,True,3,0,0,0,b3aec932d4273fb2db8d361e9fce504474de35fa,34520728076
/remodel-plans-boise,768,True,3,0,0,0,b3aec932d4273fb2db8d361e9fce504474de35fa,34520728076
/remodel-plans-boise,1024,True,3,0,0,0,b3aec932d4273fb2db8d361e9fce504474de35fa,34520728076
/remodel-plans-boise,1366,True,3,0,0,0,b3aec932d4273fb2db8d361e9fce504474de35fa,34520728076
/remodel-plans-boise,1440,True,3,0,0,0,b3aec932d4273fb2db8d361e9fce504474de35fa,34520728076
/remodel-plans-boise,1920,True,3,0,0,0,b3aec932d4273fb2db8d361e9fce504474de35fa,34520728076
/resources,320,True,2,0,0,0,b3aec932d4273fb2db8d361e9fce504474de35fa,34520728076
/resources,390,True,2,0,0,0,b3aec932d4273fb2db8d361e9fce504474de35fa,34520728076
/resources,430,True,2,0,0,0,b3aec932d4273fb2db8d361e9fce504474de35fa,34520728076
/resources,600,True,2,0,0,0,b3aec932d4273fb2db8d361e9fce504474de35fa,34520728076
/resources,768,True,2,0,0,0,b3aec932d4273fb2db8d361e9fce504474de35fa,34520728076
/resources,1024,True,2,0,0,0,b3aec932d4273fb2db8d361e9fce504474de35fa,34520728076
/resources,1366,True,2,0,0,0,b3aec932d4273fb2db8d361e9fce504474de35fa,34520728076
/resources,1440,True,2,0,0,0,b3aec932d4273fb2db8d361e9fce504474de35fa,34520728076
/resources,1920,True,2,0,0,0,b3aec932d4273fb2db8d361e9fce504474de35fa,34520728076
/resources/ada-canyon-permit-flow,320,True,2,0,0,0,b3aec932d4273fb2db8d361e9fce504474de35fa,34520728076
/resources/ada-canyon-permit-flow,390,True,2,0,0,0,b3aec932d4273fb2db8d361e9fce504474de35fa,34520728076
/resources/ada-canyon-permit-flow,430,True,2,0,0,0,b3aec932d4273fb2db8d361e9fce504474de35fa,34520728076
/resources/ada-canyon-permit-flow,600,True,2,0,0,0,b3aec932d4273fb2db8d361e9fce504474de35fa,34520728076
/resources/ada-canyon-permit-flow,768,True,2,0,0,0,b3aec932d4273fb2db8d361e9fce504474de35fa,34520728076
/resources/ada-canyon-permit-flow,1024,True,2,0,0,0,b3aec932d4273fb2db8d361e9fce504474de35fa,34520728076
/resources/ada-canyon-permit-flow,1366,True,2,0,0,0,b3aec932d4273fb2db8d361e9fce504474de35fa,34520728076
/resources/ada-canyon-permit-flow,1440,True,2,0,0,0,b3aec932d4273fb2db8d361e9fce504474de35fa,34520728076
/resources/ada-canyon-permit-flow,1920,True,2,0,0,0,b3aec932d4273fb2db8d361e9fce504474de35fa,34520728076
/services,320,True,12,0,0,0,b3aec932d4273fb2db8d361e9fce504474de35fa,34520728076
/services,390,True,12,0,0,0,b3aec932d4273fb2db8d361e9fce504474de35fa,34520728076
/services,430,True,12,0,0,0,b3aec932d4273fb2db8d361e9fce504474de35fa,34520728076
/services,600,True,12,0,0,0,b3aec932d4273fb2db8d361e9fce504474de35fa,34520728076
/services,768,True,12,0,0,0,b3aec932d4273fb2db8d361e9fce504474de35fa,34520728076
/services,1024,True,12,0,0,0,b3aec932d4273fb2db8d361e9fce504474de35fa,34520728076
/services,1366,True,12,0,0,0,b3aec932d4273fb2db8d361e9fce504474de35fa,34520728076
/services,1440,True,12,0,0,0,b3aec932d4273fb2db8d361e9fce504474de35fa,34520728076
/services,1920,True,12,0,0,0,b3aec932d4273fb2db8d361e9fce504474de35fa,34520728076
/services/adu,320,True,6,0,0,0,b3aec932d4273fb2db8d361e9fce504474de35fa,34520728076
/services/adu,390,True,6,0,0,0,b3aec932d4273fb2db8d361e9fce504474de35fa,34520728076
/services/adu,430,True,6,0,0,0,b3aec932d4273fb2db8d361e9fce504474de35fa,34520728076
/services/adu,600,True,6,0,0,0,b3aec932d4273fb2db8d361e9fce504474de35fa,34520728076
/services/adu,768,True,6,0,0,0,b3aec932d4273fb2db8d361e9fce504474de35fa,34520728076
/services/adu,1024,True,6,0,0,0,b3aec932d4273fb2db8d361e9fce504474de35fa,34520728076
/services/adu,1366,True,6,0,0,0,b3aec932d4273fb2db8d361e9fce504474de35fa,34520728076
/services/adu,1440,True,6,0,0,0,b3aec932d4273fb2db8d361e9fce504474de35fa,34520728076
/services/adu,1920,True,6,0,0,0,b3aec932d4273fb2db8d361e9fce504474de35fa,34520728076
/services/adu/boise,320,True,6,0,0,0,b3aec932d4273fb2db8d361e9fce504474de35fa,34520728076
/services/adu/boise,390,True,6,0,0,0,b3aec932d4273fb2db8d361e9fce504474de35fa,34520728076
/services/adu/boise,430,True,6,0,0,0,b3aec932d4273fb2db8d361e9fce504474de35fa,34520728076
/services/adu/boise,600,True,6,0,0,0,b3aec932d4273fb2db8d361e9fce504474de35fa,34520728076
/services/adu/boise,768,True,6,0,0,0,b3aec932d4273fb2db8d361e9fce504474de35fa,34520728076
/services/adu/boise,1024,True,6,0,0,0,b3aec932d4273fb2db8d361e9fce504474de35fa,34520728076
/services/adu/boise,1366,True,6,0,0,0,b3aec932d4273fb2db8d361e9fce504474de35fa,34520728076
/services/adu/boise,1440,True,6,0,0,0,b3aec932d4273fb2db8d361e9fce504474de35fa,34520728076
/services/adu/boise,1920,True,6,0,0,0,b3aec932d4273fb2db8d361e9fce504474de35fa,34520728076
/services/adu/caldwell,320,True,5,0,0,0,b3aec932d4273fb2db8d361e9fce504474de35fa,34520728076
/services/adu/caldwell,390,True,5,0,0,0,b3aec932d4273fb2db8d361e9fce504474de35fa,34520728076
/services/adu/caldwell,430,True,5,0,0,0,b3aec932d4273fb2db8d361e9fce504474de35fa,34520728076
/services/adu/caldwell,600,True,5,0,0,0,b3aec932d4273fb2db8d361e9fce504474de35fa,34520728076
/services/adu/caldwell,768,True,5,0,0,0,b3aec932d4273fb2db8d361e9fce504474de35fa,34520728076
/services/adu/caldwell,1024,True,5,0,0,0,b3aec932d4273fb2db8d361e9fce504474de35fa,34520728076
/services/adu/caldwell,1366,True,5,0,0,0,b3aec932d4273fb2db8d361e9fce504474de35fa,34520728076
/services/adu/caldwell,1440,True,5,0,0,0,b3aec932d4273fb2db8d361e9fce504474de35fa,34520728076
/services/adu/caldwell,1920,True,5,0,0,0,b3aec932d4273fb2db8d361e9fce504474de35fa,34520728076
/services/adu/eagle,320,True,5,0,0,0,b3aec932d4273fb2db8d361e9fce504474de35fa,34520728076
/services/adu/eagle,390,True,5,0,0,0,b3aec932d4273fb2db8d361e9fce504474de35fa,34520728076
/services/adu/eagle,430,True,5,0,0,0,b3aec932d4273fb2db8d361e9fce504474de35fa,34520728076
/services/adu/eagle,600,True,5,0,0,0,b3aec932d4273fb2db8d361e9fce504474de35fa,34520728076
/services/adu/eagle,768,True,5,0,0,0,b3aec932d4273fb2db8d361e9fce504474de35fa,34520728076
/services/adu/eagle,1024,True,5,0,0,0,b3aec932d4273fb2db8d361e9fce504474de35fa,34520728076
/services/adu/eagle,1366,True,5,0,0,0,b3aec932d4273fb2db8d361e9fce504474de35fa,34520728076
/services/adu/eagle,1440,True,5,0,0,0,b3aec932d4273fb2db8d361e9fce504474de35fa,34520728076
/services/adu/eagle,1920,True,5,0,0,0,b3aec932d4273fb2db8d361e9fce504474de35fa,34520728076
/services/adu/kuna,320,True,5,0,0,0,b3aec932d4273fb2db8d361e9fce504474de35fa,34520728076
/services/adu/kuna,390,True,5,0,0,0,b3aec932d4273fb2db8d361e9fce504474de35fa,34520728076
/services/adu/kuna,430,True,5,0,0,0,b3aec932d4273fb2db8d361e9fce504474de35fa,34520728076
/services/adu/kuna,600,True,5,0,0,0,b3aec932d4273fb2db8d361e9fce504474de35fa,34520728076
/services/adu/kuna,768,True,5,0,0,0,b3aec932d4273fb2db8d361e9fce504474de35fa,34520728076
/services/adu/kuna,1024,True,5,0,0,0,b3aec932d4273fb2db8d361e9fce504474de35fa,34520728076
/services/adu/kuna,1366,True,5,0,0,0,b3aec932d4273fb2db8d361e9fce504474de35fa,34520728076
/services/adu/kuna,1440,True,5,0,0,0,b3aec932d4273fb2db8d361e9fce504474de35fa,34520728076
/services/adu/kuna,1920,True,5,0,0,0,b3aec932d4273fb2db8d361e9fce504474de35fa,34520728076
/services/adu/meridian,320,True,5,0,0,0,b3aec932d4273fb2db8d361e9fce504474de35fa,34520728076
/services/adu/meridian,390,True,5,0,0,0,b3aec932d4273fb2db8d361e9fce504474de35fa,34520728076
/services/adu/meridian,430,True,5,0,0,0,b3aec932d4273fb2db8d361e9fce504474de35fa,34520728076
/services/adu/meridian,600,True,5,0,0,0,b3aec932d4273fb2db8d361e9fce504474de35fa,34520728076
/services/adu/meridian,768,True,5,0,0,0,b3aec932d4273fb2db8d361e9fce504474de35fa,34520728076
/services/adu/meridian,1024,True,5,0,0,0,b3aec932d4273fb2db8d361e9fce504474de35fa,34520728076
/services/adu/meridian,1366,True,5,0,0,0,b3aec932d4273fb2db8d361e9fce504474de35fa,34520728076
/services/adu/meridian,1440,True,5,0,0,0,b3aec932d4273fb2db8d361e9fce504474de35fa,34520728076
/services/adu/meridian,1920,True,5,0,0,0,b3aec932d4273fb2db8d361e9fce504474de35fa,34520728076
/services/adu/middleton,320,True,5,0,0,0,b3aec932d4273fb2db8d361e9fce504474de35fa,34520728076
/services/adu/middleton,390,True,5,0,0,0,b3aec932d4273fb2db8d361e9fce504474de35fa,34520728076
/services/adu/middleton,430,True,5,0,0,0,b3aec932d4273fb2db8d361e9fce504474de35fa,34520728076
/services/adu/middleton,600,True,5,0,0,0,b3aec932d4273fb2db8d361e9fce504474de35fa,34520728076
/services/adu/middleton,768,True,5,0,0,0,b3aec932d4273fb2db8d361e9fce504474de35fa,34520728076
/services/adu/middleton,1024,True,5,0,0,0,b3aec932d4273fb2db8d361e9fce504474de35fa,34520728076
/services/adu/middleton,1366,True,5,0,0,0,b3aec932d4273fb2db8d361e9fce504474de35fa,34520728076
/services/adu/middleton,1440,True,5,0,0,0,b3aec932d4273fb2db8d361e9fce504474de35fa,34520728076
/services/adu/middleton,1920,True,5,0,0,0,b3aec932d4273fb2db8d361e9fce504474de35fa,34520728076
/services/adu/nampa,320,True,5,0,0,0,b3aec932d4273fb2db8d361e9fce504474de35fa,34520728076
/services/adu/nampa,390,True,5,0,0,0,b3aec932d4273fb2db8d361e9fce504474de35fa,34520728076
/services/adu/nampa,430,True,5,0,0,0,b3aec932d4273fb2db8d361e9fce504474de35fa,34520728076
/services/adu/nampa,600,True,5,0,0,0,b3aec932d4273fb2db8d361e9fce504474de35fa,34520728076
/services/adu/nampa,768,True,5,0,0,0,b3aec932d4273fb2db8d361e9fce504474de35fa,34520728076
/services/adu/nampa,1024,True,5,0,0,0,b3aec932d4273fb2db8d361e9fce504474de35fa,34520728076
/services/adu/nampa,1366,True,5,0,0,0,b3aec932d4273fb2db8d361e9fce504474de35fa,34520728076
/services/adu/nampa,1440,True,5,0,0,0,b3aec932d4273fb2db8d361e9fce504474de35fa,34520728076
/services/adu/nampa,1920,True,5,0,0,0,b3aec932d4273fb2db8d361e9fce504474de35fa,34520728076
/services/adu/star,320,True,5,0,0,0,b3aec932d4273fb2db8d361e9fce504474de35fa,34520728076
/services/adu/star,390,True,5,0,0,0,b3aec932d4273fb2db8d361e9fce504474de35fa,34520728076
/services/adu/star,430,True,5,0,0,0,b3aec932d4273fb2db8d361e9fce504474de35fa,34520728076
/services/adu/star,600,True,5,0,0,0,b3aec932d4273fb2db8d361e9fce504474de35fa,34520728076
/services/adu/star,768,True,5,0,0,0,b3aec932d4273fb2db8d361e9fce504474de35fa,34520728076
/services/adu/star,1024,True,5,0,0,0,b3aec932d4273fb2db8d361e9fce504474de35fa,34520728076
/services/adu/star,1366,True,5,0,0,0,b3aec932d4273fb2db8d361e9fce504474de35fa,34520728076
/services/adu/star,1440,True,5,0,0,0,b3aec932d4273fb2db8d361e9fce504474de35fa,34520728076
/services/adu/star,1920,True,5,0,0,0,b3aec932d4273fb2db8d361e9fce504474de35fa,34520728076
/services/aging-in-place,320,True,6,0,0,0,b3aec932d4273fb2db8d361e9fce504474de35fa,34520728076
/services/aging-in-place,390,True,6,0,0,0,b3aec932d4273fb2db8d361e9fce504474de35fa,34520728076
/services/aging-in-place,430,True,6,0,0,0,b3aec932d4273fb2db8d361e9fce504474de35fa,34520728076
/services/aging-in-place,600,True,6,0,0,0,b3aec932d4273fb2db8d361e9fce504474de35fa,34520728076
/services/aging-in-place,768,True,6,0,0,0,b3aec932d4273fb2db8d361e9fce504474de35fa,34520728076
/services/aging-in-place,1024,True,6,0,0,0,b3aec932d4273fb2db8d361e9fce504474de35fa,34520728076
/services/aging-in-place,1366,True,6,0,0,0,b3aec932d4273fb2db8d361e9fce504474de35fa,34520728076
/services/aging-in-place,1440,True,6,0,0,0,b3aec932d4273fb2db8d361e9fce504474de35fa,34520728076
/services/aging-in-place,1920,True,6,0,0,0,b3aec932d4273fb2db8d361e9fce504474de35fa,34520728076
/services/aging-in-place/boise,320,True,6,0,0,0,b3aec932d4273fb2db8d361e9fce504474de35fa,34520728076
/services/aging-in-place/boise,390,True,6,0,0,0,b3aec932d4273fb2db8d361e9fce504474de35fa,34520728076
/services/aging-in-place/boise,430,True,6,0,0,0,b3aec932d4273fb2db8d361e9fce504474de35fa,34520728076
/services/aging-in-place/boise,600,True,6,0,0,0,b3aec932d4273fb2db8d361e9fce504474de35fa,34520728076
/services/aging-in-place/boise,768,True,6,0,0,0,b3aec932d4273fb2db8d361e9fce504474de35fa,34520728076
/services/aging-in-place/boise,1024,True,6,0,0,0,b3aec932d4273fb2db8d361e9fce504474de35fa,34520728076
/services/aging-in-place/boise,1366,True,6,0,0,0,b3aec932d4273fb2db8d361e9fce504474de35fa,34520728076
/services/aging-in-place/boise,1440,True,6,0,0,0,b3aec932d4273fb2db8d361e9fce504474de35fa,34520728076
/services/aging-in-place/boise,1920,True,6,0,0,0,b3aec932d4273fb2db8d361e9fce504474de35fa,34520728076
/services/aging-in-place/caldwell,320,True,5,0,0,0,b3aec932d4273fb2db8d361e9fce504474de35fa,34520728076
/services/aging-in-place/caldwell,390,True,5,0,0,0,b3aec932d4273fb2db8d361e9fce504474de35fa,34520728076
/services/aging-in-place/caldwell,430,True,5,0,0,0,b3aec932d4273fb2db8d361e9fce504474de35fa,34520728076
/services/aging-in-place/caldwell,600,True,5,0,0,0,b3aec932d4273fb2db8d361e9fce504474de35fa,34520728076
/services/aging-in-place/caldwell,768,True,5,0,0,0,b3aec932d4273fb2db8d361e9fce504474de35fa,34520728076
/services/aging-in-place/caldwell,1024,True,5,0,0,0,b3aec932d4273fb2db8d361e9fce504474de35fa,34520728076
/services/aging-in-place/caldwell,1366,True,5,0,0,0,b3aec932d4273fb2db8d361e9fce504474de35fa,34520728076
/services/aging-in-place/caldwell,1440,True,5,0,0,0,b3aec932d4273fb2db8d361e9fce504474de35fa,34520728076
/services/aging-in-place/caldwell,1920,True,5,0,0,0,b3aec932d4273fb2db8d361e9fce504474de35fa,34520728076
/services/aging-in-place/eagle,320,True,5,0,0,0,b3aec932d4273fb2db8d361e9fce504474de35fa,34520728076
/services/aging-in-place/eagle,390,True,5,0,0,0,b3aec932d4273fb2db8d361e9fce504474de35fa,34520728076
/services/aging-in-place/eagle,430,True,5,0,0,0,b3aec932d4273fb2db8d361e9fce504474de35fa,34520728076
/services/aging-in-place/eagle,600,True,5,0,0,0,b3aec932d4273fb2db8d361e9fce504474de35fa,34520728076
/services/aging-in-place/eagle,768,True,5,0,0,0,b3aec932d4273fb2db8d361e9fce504474de35fa,34520728076
/services/aging-in-place/eagle,1024,True,5,0,0,0,b3aec932d4273fb2db8d361e9fce504474de35fa,34520728076
/services/aging-in-place/eagle,1366,True,5,0,0,0,b3aec932d4273fb2db8d361e9fce504474de35fa,34520728076
/services/aging-in-place/eagle,1440,True,5,0,0,0,b3aec932d4273fb2db8d361e9fce504474de35fa,34520728076
/services/aging-in-place/eagle,1920,True,5,0,0,0,b3aec932d4273fb2db8d361e9fce504474de35fa,34520728076
/services/aging-in-place/kuna,320,True,5,0,0,0,b3aec932d4273fb2db8d361e9fce504474de35fa,34520728076
/services/aging-in-place/kuna,390,True,5,0,0,0,b3aec932d4273fb2db8d361e9fce504474de35fa,34520728076
/services/aging-in-place/kuna,430,True,5,0,0,0,b3aec932d4273fb2db8d361e9fce504474de35fa,34520728076
/services/aging-in-place/kuna,600,True,5,0,0,0,b3aec932d4273fb2db8d361e9fce504474de35fa,34520728076
/services/aging-in-place/kuna,768,True,5,0,0,0,b3aec932d4273fb2db8d361e9fce504474de35fa,34520728076
/services/aging-in-place/kuna,1024,True,5,0,0,0,b3aec932d4273fb2db8d361e9fce504474de35fa,34520728076
/services/aging-in-place/kuna,1366,True,5,0,0,0,b3aec932d4273fb2db8d361e9fce504474de35fa,34520728076
/services/aging-in-place/kuna,1440,True,5,0,0,0,b3aec932d4273fb2db8d361e9fce504474de35fa,34520728076
/services/aging-in-place/kuna,1920,True,5,0,0,0,b3aec932d4273fb2db8d361e9fce504474de35fa,34520728076
/services/aging-in-place/meridian,320,True,6,0,0,0,b3aec932d4273fb2db8d361e9fce504474de35fa,34520728076
/services/aging-in-place/meridian,390,True,6,0,0,0,b3aec932d4273fb2db8d361e9fce504474de35fa,34520728076
/services/aging-in-place/meridian,430,True,6,0,0,0,b3aec932d4273fb2db8d361e9fce504474de35fa,34520728076
/services/aging-in-place/meridian,600,True,6,0,0,0,b3aec932d4273fb2db8d361e9fce504474de35fa,34520728076
/services/aging-in-place/meridian,768,True,6,0,0,0,b3aec932d4273fb2db8d361e9fce504474de35fa,34520728076
/services/aging-in-place/meridian,1024,True,6,0,0,0,b3aec932d4273fb2db8d361e9fce504474de35fa,34520728076
/services/aging-in-place/meridian,1366,True,6,0,0,0,b3aec932d4273fb2db8d361e9fce504474de35fa,34520728076
/services/aging-in-place/meridian,1440,True,6,0,0,0,b3aec932d4273fb2db8d361e9fce504474de35fa,34520728076
/services/aging-in-place/meridian,1920,True,6,0,0,0,b3aec932d4273fb2db8d361e9fce504474de35fa,34520728076
/services/aging-in-place/middleton,320,True,5,0,0,0,b3aec932d4273fb2db8d361e9fce504474de35fa,34520728076
/services/aging-in-place/middleton,390,True,5,0,0,0,b3aec932d4273fb2db8d361e9fce504474de35fa,34520728076
/services/aging-in-place/middleton,430,True,5,0,0,0,b3aec932d4273fb2db8d361e9fce504474de35fa,34520728076
/services/aging-in-place/middleton,600,True,5,0,0,0,b3aec932d4273fb2db8d361e9fce504474de35fa,34520728076
/services/aging-in-place/middleton,768,True,5,0,0,0,b3aec932d4273fb2db8d361e9fce504474de35fa,34520728076
/services/aging-in-place/middleton,1024,True,5,0,0,0,b3aec932d4273fb2db8d361e9fce504474de35fa,34520728076
/services/aging-in-place/middleton,1366,True,5,0,0,0,b3aec932d4273fb2db8d361e9fce504474de35fa,34520728076
/services/aging-in-place/middleton,1440,True,5,0,0,0,b3aec932d4273fb2db8d361e9fce504474de35fa,34520728076
/services/aging-in-place/middleton,1920,True,5,0,0,0,b3aec932d4273fb2db8d361e9fce504474de35fa,34520728076
/services/aging-in-place/nampa,320,True,5,0,0,0,b3aec932d4273fb2db8d361e9fce504474de35fa,34520728076
/services/aging-in-place/nampa,390,True,5,0,0,0,b3aec932d4273fb2db8d361e9fce504474de35fa,34520728076
/services/aging-in-place/nampa,430,True,5,0,0,0,b3aec932d4273fb2db8d361e9fce504474de35fa,34520728076
/services/aging-in-place/nampa,600,True,5,0,0,0,b3aec932d4273fb2db8d361e9fce504474de35fa,34520728076
/services/aging-in-place/nampa,768,True,5,0,0,0,b3aec932d4273fb2db8d361e9fce504474de35fa,34520728076
/services/aging-in-place/nampa,1024,True,5,0,0,0,b3aec932d4273fb2db8d361e9fce504474de35fa,34520728076
/services/aging-in-place/nampa,1366,True,5,0,0,0,b3aec932d4273fb2db8d361e9fce504474de35fa,34520728076
/services/aging-in-place/nampa,1440,True,5,0,0,0,b3aec932d4273fb2db8d361e9fce504474de35fa,34520728076
/services/aging-in-place/nampa,1920,True,5,0,0,0,b3aec932d4273fb2db8d361e9fce504474de35fa,34520728076
/services/aging-in-place/star,320,True,5,0,0,0,b3aec932d4273fb2db8d361e9fce504474de35fa,34520728076
/services/aging-in-place/star,390,True,5,0,0,0,b3aec932d4273fb2db8d361e9fce504474de35fa,34520728076
/services/aging-in-place/star,430,True,5,0,0,0,b3aec932d4273fb2db8d361e9fce504474de35fa,34520728076
/services/aging-in-place/star,600,True,5,0,0,0,b3aec932d4273fb2db8d361e9fce504474de35fa,34520728076
/services/aging-in-place/star,768,True,5,0,0,0,b3aec932d4273fb2db8d361e9fce504474de35fa,34520728076
/services/aging-in-place/star,1024,True,5,0,0,0,b3aec932d4273fb2db8d361e9fce504474de35fa,34520728076
/services/aging-in-place/star,1366,True,5,0,0,0,b3aec932d4273fb2db8d361e9fce504474de35fa,34520728076
/services/aging-in-place/star,1440,True,5,0,0,0,b3aec932d4273fb2db8d361e9fce504474de35fa,34520728076
/services/aging-in-place/star,1920,True,5,0,0,0,b3aec932d4273fb2db8d361e9fce504474de35fa,34520728076
/services/basement-remodel,320,True,6,0,0,0,b3aec932d4273fb2db8d361e9fce504474de35fa,34520728076
/services/basement-remodel,390,True,6,0,0,0,b3aec932d4273fb2db8d361e9fce504474de35fa,34520728076
/services/basement-remodel,430,True,6,0,0,0,b3aec932d4273fb2db8d361e9fce504474de35fa,34520728076
/services/basement-remodel,600,True,6,0,0,0,b3aec932d4273fb2db8d361e9fce504474de35fa,34520728076
/services/basement-remodel,768,True,6,0,0,0,b3aec932d4273fb2db8d361e9fce504474de35fa,34520728076
/services/basement-remodel,1024,True,6,0,0,0,b3aec932d4273fb2db8d361e9fce504474de35fa,34520728076
/services/basement-remodel,1366,True,6,0,0,0,b3aec932d4273fb2db8d361e9fce504474de35fa,34520728076
/services/basement-remodel,1440,True,6,0,0,0,b3aec932d4273fb2db8d361e9fce504474de35fa,34520728076
/services/basement-remodel,1920,True,6,0,0,0,b3aec932d4273fb2db8d361e9fce504474de35fa,34520728076
/services/basement-remodel/boise,320,True,5,0,0,0,b3aec932d4273fb2db8d361e9fce504474de35fa,34520728076
/services/basement-remodel/boise,390,True,5,0,0,0,b3aec932d4273fb2db8d361e9fce504474de35fa,34520728076
/services/basement-remodel/boise,430,True,5,0,0,0,b3aec932d4273fb2db8d361e9fce504474de35fa,34520728076
/services/basement-remodel/boise,600,True,5,0,0,0,b3aec932d4273fb2db8d361e9fce504474de35fa,34520728076
/services/basement-remodel/boise,768,True,5,0,0,0,b3aec932d4273fb2db8d361e9fce504474de35fa,34520728076
/services/basement-remodel/boise,1024,True,5,0,0,0,b3aec932d4273fb2db8d361e9fce504474de35fa,34520728076
/services/basement-remodel/boise,1366,True,5,0,0,0,b3aec932d4273fb2db8d361e9fce504474de35fa,34520728076
/services/basement-remodel/boise,1440,True,5,0,0,0,b3aec932d4273fb2db8d361e9fce504474de35fa,34520728076
/services/basement-remodel/boise,1920,True,5,0,0,0,b3aec932d4273fb2db8d361e9fce504474de35fa,34520728076
/services/basement-remodel/caldwell,320,True,5,0,0,0,b3aec932d4273fb2db8d361e9fce504474de35fa,34520728076
/services/basement-remodel/caldwell,390,True,5,0,0,0,b3aec932d4273fb2db8d361e9fce504474de35fa,34520728076
/services/basement-remodel/caldwell,430,True,5,0,0,0,b3aec932d4273fb2db8d361e9fce504474de35fa,34520728076
/services/basement-remodel/caldwell,600,True,5,0,0,0,b3aec932d4273fb2db8d361e9fce504474de35fa,34520728076
/services/basement-remodel/caldwell,768,True,5,0,0,0,b3aec932d4273fb2db8d361e9fce504474de35fa,34520728076
/services/basement-remodel/caldwell,1024,True,5,0,0,0,b3aec932d4273fb2db8d361e9fce504474de35fa,34520728076
/services/basement-remodel/caldwell,1366,True,5,0,0,0,b3aec932d4273fb2db8d361e9fce504474de35fa,34520728076
/services/basement-remodel/caldwell,1440,True,5,0,0,0,b3aec932d4273fb2db8d361e9fce504474de35fa,34520728076
/services/basement-remodel/caldwell,1920,True,5,0,0,0,b3aec932d4273fb2db8d361e9fce504474de35fa,34520728076
/services/basement-remodel/eagle,320,True,5,0,0,0,b3aec932d4273fb2db8d361e9fce504474de35fa,34520728076
/services/basement-remodel/eagle,390,True,5,0,0,0,b3aec932d4273fb2db8d361e9fce504474de35fa,34520728076
/services/basement-remodel/eagle,430,True,5,0,0,0,b3aec932d4273fb2db8d361e9fce504474de35fa,34520728076
/services/basement-remodel/eagle,600,True,5,0,0,0,b3aec932d4273fb2db8d361e9fce504474de35fa,34520728076
/services/basement-remodel/eagle,768,True,5,0,0,0,b3aec932d4273fb2db8d361e9fce504474de35fa,34520728076
/services/basement-remodel/eagle,1024,True,5,0,0,0,b3aec932d4273fb2db8d361e9fce504474de35fa,34520728076
/services/basement-remodel/eagle,1366,True,5,0,0,0,b3aec932d4273fb2db8d361e9fce504474de35fa,34520728076
/services/basement-remodel/eagle,1440,True,5,0,0,0,b3aec932d4273fb2db8d361e9fce504474de35fa,34520728076
/services/basement-remodel/eagle,1920,True,5,0,0,0,b3aec932d4273fb2db8d361e9fce504474de35fa,34520728076
/services/basement-remodel/kuna,320,True,5,0,0,0,b3aec932d4273fb2db8d361e9fce504474de35fa,34520728076
/services/basement-remodel/kuna,390,True,5,0,0,0,b3aec932d4273fb2db8d361e9fce504474de35fa,34520728076
/services/basement-remodel/kuna,430,True,5,0,0,0,b3aec932d4273fb2db8d361e9fce504474de35fa,34520728076
/services/basement-remodel/kuna,600,True,5,0,0,0,b3aec932d4273fb2db8d361e9fce504474de35fa,34520728076
/services/basement-remodel/kuna,768,True,5,0,0,0,b3aec932d4273fb2db8d361e9fce504474de35fa,34520728076
/services/basement-remodel/kuna,1024,True,5,0,0,0,b3aec932d4273fb2db8d361e9fce504474de35fa,34520728076
/services/basement-remodel/kuna,1366,True,5,0,0,0,b3aec932d4273fb2db8d361e9fce504474de35fa,34520728076
/services/basement-remodel/kuna,1440,True,5,0,0,0,b3aec932d4273fb2db8d361e9fce504474de35fa,34520728076
/services/basement-remodel/kuna,1920,True,5,0,0,0,b3aec932d4273fb2db8d361e9fce504474de35fa,34520728076
/services/basement-remodel/meridian,320,True,5,0,0,0,b3aec932d4273fb2db8d361e9fce504474de35fa,34520728076
/services/basement-remodel/meridian,390,True,5,0,0,0,b3aec932d4273fb2db8d361e9fce504474de35fa,34520728076
/services/basement-remodel/meridian,430,True,5,0,0,0,b3aec932d4273fb2db8d361e9fce504474de35fa,34520728076
/services/basement-remodel/meridian,600,True,5,0,0,0,b3aec932d4273fb2db8d361e9fce504474de35fa,34520728076
/services/basement-remodel/meridian,768,True,5,0,0,0,b3aec932d4273fb2db8d361e9fce504474de35fa,34520728076
/services/basement-remodel/meridian,1024,True,5,0,0,0,b3aec932d4273fb2db8d361e9fce504474de35fa,34520728076
/services/basement-remodel/meridian,1366,True,5,0,0,0,b3aec932d4273fb2db8d361e9fce504474de35fa,34520728076
/services/basement-remodel/meridian,1440,True,5,0,0,0,b3aec932d4273fb2db8d361e9fce504474de35fa,34520728076
/services/basement-remodel/meridian,1920,True,5,0,0,0,b3aec932d4273fb2db8d361e9fce504474de35fa,34520728076
/services/basement-remodel/middleton,320,True,5,0,0,0,b3aec932d4273fb2db8d361e9fce504474de35fa,34520728076
/services/basement-remodel/middleton,390,True,5,0,0,0,b3aec932d4273fb2db8d361e9fce504474de35fa,34520728076
/services/basement-remodel/middleton,430,True,5,0,0,0,b3aec932d4273fb2db8d361e9fce504474de35fa,34520728076
/services/basement-remodel/middleton,600,True,5,0,0,0,b3aec932d4273fb2db8d361e9fce504474de35fa,34520728076
/services/basement-remodel/middleton,768,True,5,0,0,0,b3aec932d4273fb2db8d361e9fce504474de35fa,34520728076
/services/basement-remodel/middleton,1024,True,5,0,0,0,b3aec932d4273fb2db8d361e9fce504474de35fa,34520728076
/services/basement-remodel/middleton,1366,True,5,0,0,0,b3aec932d4273fb2db8d361e9fce504474de35fa,34520728076
/services/basement-remodel/middleton,1440,True,5,0,0,0,b3aec932d4273fb2db8d361e9fce504474de35fa,34520728076
/services/basement-remodel/middleton,1920,True,5,0,0,0,b3aec932d4273fb2db8d361e9fce504474de35fa,34520728076
/services/basement-remodel/nampa,320,True,5,0,0,0,b3aec932d4273fb2db8d361e9fce504474de35fa,34520728076
/services/basement-remodel/nampa,390,True,5,0,0,0,b3aec932d4273fb2db8d361e9fce504474de35fa,34520728076
/services/basement-remodel/nampa,430,True,5,0,0,0,b3aec932d4273fb2db8d361e9fce504474de35fa,34520728076
/services/basement-remodel/nampa,600,True,5,0,0,0,b3aec932d4273fb2db8d361e9fce504474de35fa,34520728076
/services/basement-remodel/nampa,768,True,5,0,0,0,b3aec932d4273fb2db8d361e9fce504474de35fa,34520728076
/services/basement-remodel/nampa,1024,True,5,0,0,0,b3aec932d4273fb2db8d361e9fce504474de35fa,34520728076
/services/basement-remodel/nampa,1366,True,5,0,0,0,b3aec932d4273fb2db8d361e9fce504474de35fa,34520728076
/services/basement-remodel/nampa,1440,True,5,0,0,0,b3aec932d4273fb2db8d361e9fce504474de35fa,34520728076
/services/basement-remodel/nampa,1920,True,5,0,0,0,b3aec932d4273fb2db8d361e9fce504474de35fa,34520728076
/services/basement-remodel/star,320,True,5,0,0,0,b3aec932d4273fb2db8d361e9fce504474de35fa,34520728076
/services/basement-remodel/star,390,True,5,0,0,0,b3aec932d4273fb2db8d361e9fce504474de35fa,34520728076
/services/basement-remodel/star,430,True,5,0,0,0,b3aec932d4273fb2db8d361e9fce504474de35fa,34520728076
/services/basement-remodel/star,600,True,5,0,0,0,b3aec932d4273fb2db8d361e9fce504474de35fa,34520728076
/services/basement-remodel/star,768,True,5,0,0,0,b3aec932d4273fb2db8d361e9fce504474de35fa,34520728076
/services/basement-remodel/star,1024,True,5,0,0,0,b3aec932d4273fb2db8d361e9fce504474de35fa,34520728076
/services/basement-remodel/star,1366,True,5,0,0,0,b3aec932d4273fb2db8d361e9fce504474de35fa,34520728076
/services/basement-remodel/star,1440,True,5,0,0,0,b3aec932d4273fb2db8d361e9fce504474de35fa,34520728076
/services/basement-remodel/star,1920,True,5,0,0,0,b3aec932d4273fb2db8d361e9fce504474de35fa,34520728076
/services/bathroom-remodel,320,True,6,0,0,0,b3aec932d4273fb2db8d361e9fce504474de35fa,34520728076
/services/bathroom-remodel,390,True,6,0,0,0,b3aec932d4273fb2db8d361e9fce504474de35fa,34520728076
/services/bathroom-remodel,430,True,6,0,0,0,b3aec932d4273fb2db8d361e9fce504474de35fa,34520728076
/services/bathroom-remodel,600,True,6,0,0,0,b3aec932d4273fb2db8d361e9fce504474de35fa,34520728076
/services/bathroom-remodel,768,True,6,0,0,0,b3aec932d4273fb2db8d361e9fce504474de35fa,34520728076
/services/bathroom-remodel,1024,True,6,0,0,0,b3aec932d4273fb2db8d361e9fce504474de35fa,34520728076
/services/bathroom-remodel,1366,True,6,0,0,0,b3aec932d4273fb2db8d361e9fce504474de35fa,34520728076
/services/bathroom-remodel,1440,True,6,0,0,0,b3aec932d4273fb2db8d361e9fce504474de35fa,34520728076
/services/bathroom-remodel,1920,True,6,0,0,0,b3aec932d4273fb2db8d361e9fce504474de35fa,34520728076
/services/bathroom-remodel/boise,320,True,6,0,0,0,b3aec932d4273fb2db8d361e9fce504474de35fa,34520728076
/services/bathroom-remodel/boise,390,True,6,0,0,0,b3aec932d4273fb2db8d361e9fce504474de35fa,34520728076
/services/bathroom-remodel/boise,430,True,6,0,0,0,b3aec932d4273fb2db8d361e9fce504474de35fa,34520728076
/services/bathroom-remodel/boise,600,True,6,0,0,0,b3aec932d4273fb2db8d361e9fce504474de35fa,34520728076
/services/bathroom-remodel/boise,768,True,6,0,0,0,b3aec932d4273fb2db8d361e9fce504474de35fa,34520728076
/services/bathroom-remodel/boise,1024,True,6,0,0,0,b3aec932d4273fb2db8d361e9fce504474de35fa,34520728076
/services/bathroom-remodel/boise,1366,True,6,0,0,0,b3aec932d4273fb2db8d361e9fce504474de35fa,34520728076
/services/bathroom-remodel/boise,1440,True,6,0,0,0,b3aec932d4273fb2db8d361e9fce504474de35fa,34520728076
/services/bathroom-remodel/boise,1920,True,6,0,0,0,b3aec932d4273fb2db8d361e9fce504474de35fa,34520728076
/services/bathroom-remodel/caldwell,320,True,5,0,0,0,b3aec932d4273fb2db8d361e9fce504474de35fa,34520728076
/services/bathroom-remodel/caldwell,390,True,5,0,0,0,b3aec932d4273fb2db8d361e9fce504474de35fa,34520728076
/services/bathroom-remodel/caldwell,430,True,5,0,0,0,b3aec932d4273fb2db8d361e9fce504474de35fa,34520728076
/services/bathroom-remodel/caldwell,600,True,5,0,0,0,b3aec932d4273fb2db8d361e9fce504474de35fa,34520728076
/services/bathroom-remodel/caldwell,768,True,5,0,0,0,b3aec932d4273fb2db8d361e9fce504474de35fa,34520728076
/services/bathroom-remodel/caldwell,1024,True,5,0,0,0,b3aec932d4273fb2db8d361e9fce504474de35fa,34520728076
/services/bathroom-remodel/caldwell,1366,True,5,0,0,0,b3aec932d4273fb2db8d361e9fce504474de35fa,34520728076
/services/bathroom-remodel/caldwell,1440,True,5,0,0,0,b3aec932d4273fb2db8d361e9fce504474de35fa,34520728076
/services/bathroom-remodel/caldwell,1920,True,5,0,0,0,b3aec932d4273fb2db8d361e9fce504474de35fa,34520728076
/services/bathroom-remodel/eagle,320,True,5,0,0,0,b3aec932d4273fb2db8d361e9fce504474de35fa,34520728076
/services/bathroom-remodel/eagle,390,True,5,0,0,0,b3aec932d4273fb2db8d361e9fce504474de35fa,34520728076
/services/bathroom-remodel/eagle,430,True,5,0,0,0,b3aec932d4273fb2db8d361e9fce504474de35fa,34520728076
/services/bathroom-remodel/eagle,600,True,5,0,0,0,b3aec932d4273fb2db8d361e9fce504474de35fa,34520728076
/services/bathroom-remodel/eagle,768,True,5,0,0,0,b3aec932d4273fb2db8d361e9fce504474de35fa,34520728076
/services/bathroom-remodel/eagle,1024,True,5,0,0,0,b3aec932d4273fb2db8d361e9fce504474de35fa,34520728076
/services/bathroom-remodel/eagle,1366,True,5,0,0,0,b3aec932d4273fb2db8d361e9fce504474de35fa,34520728076
/services/bathroom-remodel/eagle,1440,True,5,0,0,0,b3aec932d4273fb2db8d361e9fce504474de35fa,34520728076
/services/bathroom-remodel/eagle,1920,True,5,0,0,0,b3aec932d4273fb2db8d361e9fce504474de35fa,34520728076
/services/bathroom-remodel/kuna,320,True,5,0,0,0,b3aec932d4273fb2db8d361e9fce504474de35fa,34520728076
/services/bathroom-remodel/kuna,390,True,5,0,0,0,b3aec932d4273fb2db8d361e9fce504474de35fa,34520728076
/services/bathroom-remodel/kuna,430,True,5,0,0,0,b3aec932d4273fb2db8d361e9fce504474de35fa,34520728076
/services/bathroom-remodel/kuna,600,True,5,0,0,0,b3aec932d4273fb2db8d361e9fce504474de35fa,34520728076
/services/bathroom-remodel/kuna,768,True,5,0,0,0,b3aec932d4273fb2db8d361e9fce504474de35fa,34520728076
/services/bathroom-remodel/kuna,1024,True,5,0,0,0,b3aec932d4273fb2db8d361e9fce504474de35fa,34520728076
/services/bathroom-remodel/kuna,1366,True,5,0,0,0,b3aec932d4273fb2db8d361e9fce504474de35fa,34520728076
/services/bathroom-remodel/kuna,1440,True,5,0,0,0,b3aec932d4273fb2db8d361e9fce504474de35fa,34520728076
/services/bathroom-remodel/kuna,1920,True,5,0,0,0,b3aec932d4273fb2db8d361e9fce504474de35fa,34520728076
/services/bathroom-remodel/meridian,320,True,6,0,0,0,b3aec932d4273fb2db8d361e9fce504474de35fa,34520728076
/services/bathroom-remodel/meridian,390,True,6,0,0,0,b3aec932d4273fb2db8d361e9fce504474de35fa,34520728076
/services/bathroom-remodel/meridian,430,True,6,0,0,0,b3aec932d4273fb2db8d361e9fce504474de35fa,34520728076
/services/bathroom-remodel/meridian,600,True,6,0,0,0,b3aec932d4273fb2db8d361e9fce504474de35fa,34520728076
/services/bathroom-remodel/meridian,768,True,6,0,0,0,b3aec932d4273fb2db8d361e9fce504474de35fa,34520728076
/services/bathroom-remodel/meridian,1024,True,6,0,0,0,b3aec932d4273fb2db8d361e9fce504474de35fa,34520728076
/services/bathroom-remodel/meridian,1366,True,6,0,0,0,b3aec932d4273fb2db8d361e9fce504474de35fa,34520728076
/services/bathroom-remodel/meridian,1440,True,6,0,0,0,b3aec932d4273fb2db8d361e9fce504474de35fa,34520728076
/services/bathroom-remodel/meridian,1920,True,6,0,0,0,b3aec932d4273fb2db8d361e9fce504474de35fa,34520728076
/services/bathroom-remodel/middleton,320,True,5,0,0,0,b3aec932d4273fb2db8d361e9fce504474de35fa,34520728076
/services/bathroom-remodel/middleton,390,True,5,0,0,0,b3aec932d4273fb2db8d361e9fce504474de35fa,34520728076
/services/bathroom-remodel/middleton,430,True,5,0,0,0,b3aec932d4273fb2db8d361e9fce504474de35fa,34520728076
/services/bathroom-remodel/middleton,600,True,5,0,0,0,b3aec932d4273fb2db8d361e9fce504474de35fa,34520728076
/services/bathroom-remodel/middleton,768,True,5,0,0,0,b3aec932d4273fb2db8d361e9fce504474de35fa,34520728076
/services/bathroom-remodel/middleton,1024,True,5,0,0,0,b3aec932d4273fb2db8d361e9fce504474de35fa,34520728076
/services/bathroom-remodel/middleton,1366,True,5,0,0,0,b3aec932d4273fb2db8d361e9fce504474de35fa,34520728076
/services/bathroom-remodel/middleton,1440,True,5,0,0,0,b3aec932d4273fb2db8d361e9fce504474de35fa,34520728076
/services/bathroom-remodel/middleton,1920,True,5,0,0,0,b3aec932d4273fb2db8d361e9fce504474de35fa,34520728076
/services/bathroom-remodel/nampa,320,True,6,0,0,0,b3aec932d4273fb2db8d361e9fce504474de35fa,34520728076
/services/bathroom-remodel/nampa,390,True,6,0,0,0,b3aec932d4273fb2db8d361e9fce504474de35fa,34520728076
/services/bathroom-remodel/nampa,430,True,6,0,0,0,b3aec932d4273fb2db8d361e9fce504474de35fa,34520728076
/services/bathroom-remodel/nampa,600,True,6,0,0,0,b3aec932d4273fb2db8d361e9fce504474de35fa,34520728076
/services/bathroom-remodel/nampa,768,True,6,0,0,0,b3aec932d4273fb2db8d361e9fce504474de35fa,34520728076
/services/bathroom-remodel/nampa,1024,True,6,0,0,0,b3aec932d4273fb2db8d361e9fce504474de35fa,34520728076
/services/bathroom-remodel/nampa,1366,True,6,0,0,0,b3aec932d4273fb2db8d361e9fce504474de35fa,34520728076
/services/bathroom-remodel/nampa,1440,True,6,0,0,0,b3aec932d4273fb2db8d361e9fce504474de35fa,34520728076
/services/bathroom-remodel/nampa,1920,True,6,0,0,0,b3aec932d4273fb2db8d361e9fce504474de35fa,34520728076
/services/bathroom-remodel/star,320,True,5,0,0,0,b3aec932d4273fb2db8d361e9fce504474de35fa,34520728076
/services/bathroom-remodel/star,390,True,5,0,0,0,b3aec932d4273fb2db8d361e9fce504474de35fa,34520728076
/services/bathroom-remodel/star,430,True,5,0,0,0,b3aec932d4273fb2db8d361e9fce504474de35fa,34520728076
/services/bathroom-remodel/star,600,True,5,0,0,0,b3aec932d4273fb2db8d361e9fce504474de35fa,34520728076
/services/bathroom-remodel/star,768,True,5,0,0,0,b3aec932d4273fb2db8d361e9fce504474de35fa,34520728076
/services/bathroom-remodel/star,1024,True,5,0,0,0,b3aec932d4273fb2db8d361e9fce504474de35fa,34520728076
/services/bathroom-remodel/star,1366,True,5,0,0,0,b3aec932d4273fb2db8d361e9fce504474de35fa,34520728076
/services/bathroom-remodel/star,1440,True,5,0,0,0,b3aec932d4273fb2db8d361e9fce504474de35fa,34520728076
/services/bathroom-remodel/star,1920,True,5,0,0,0,b3aec932d4273fb2db8d361e9fce504474de35fa,34520728076
/services/kitchen-remodel,320,True,7,0,0,0,b3aec932d4273fb2db8d361e9fce504474de35fa,34520728076
/services/kitchen-remodel,390,True,7,0,0,0,b3aec932d4273fb2db8d361e9fce504474de35fa,34520728076
/services/kitchen-remodel,430,True,7,0,0,0,b3aec932d4273fb2db8d361e9fce504474de35fa,34520728076
/services/kitchen-remodel,600,True,7,0,0,0,b3aec932d4273fb2db8d361e9fce504474de35fa,34520728076
/services/kitchen-remodel,768,True,7,0,0,0,b3aec932d4273fb2db8d361e9fce504474de35fa,34520728076
/services/kitchen-remodel,1024,True,7,0,0,0,b3aec932d4273fb2db8d361e9fce504474de35fa,34520728076
/services/kitchen-remodel,1366,True,7,0,0,0,b3aec932d4273fb2db8d361e9fce504474de35fa,34520728076
/services/kitchen-remodel,1440,True,7,0,0,0,b3aec932d4273fb2db8d361e9fce504474de35fa,34520728076
/services/kitchen-remodel,1920,True,7,0,0,0,b3aec932d4273fb2db8d361e9fce504474de35fa,34520728076
/services/kitchen-remodel/boise,320,True,6,0,0,0,b3aec932d4273fb2db8d361e9fce504474de35fa,34520728076
/services/kitchen-remodel/boise,390,True,6,0,0,0,b3aec932d4273fb2db8d361e9fce504474de35fa,34520728076
/services/kitchen-remodel/boise,430,True,6,0,0,0,b3aec932d4273fb2db8d361e9fce504474de35fa,34520728076
/services/kitchen-remodel/boise,600,True,6,0,0,0,b3aec932d4273fb2db8d361e9fce504474de35fa,34520728076
/services/kitchen-remodel/boise,768,True,6,0,0,0,b3aec932d4273fb2db8d361e9fce504474de35fa,34520728076
/services/kitchen-remodel/boise,1024,True,6,0,0,0,b3aec932d4273fb2db8d361e9fce504474de35fa,34520728076
/services/kitchen-remodel/boise,1366,True,6,0,0,0,b3aec932d4273fb2db8d361e9fce504474de35fa,34520728076
/services/kitchen-remodel/boise,1440,True,6,0,0,0,b3aec932d4273fb2db8d361e9fce504474de35fa,34520728076
/services/kitchen-remodel/boise,1920,True,6,0,0,0,b3aec932d4273fb2db8d361e9fce504474de35fa,34520728076
/services/kitchen-remodel/caldwell,320,True,5,0,0,0,b3aec932d4273fb2db8d361e9fce504474de35fa,34520728076
/services/kitchen-remodel/caldwell,390,True,5,0,0,0,b3aec932d4273fb2db8d361e9fce504474de35fa,34520728076
/services/kitchen-remodel/caldwell,430,True,5,0,0,0,b3aec932d4273fb2db8d361e9fce504474de35fa,34520728076
/services/kitchen-remodel/caldwell,600,True,5,0,0,0,b3aec932d4273fb2db8d361e9fce504474de35fa,34520728076
/services/kitchen-remodel/caldwell,768,True,5,0,0,0,b3aec932d4273fb2db8d361e9fce504474de35fa,34520728076
/services/kitchen-remodel/caldwell,1024,True,5,0,0,0,b3aec932d4273fb2db8d361e9fce504474de35fa,34520728076
/services/kitchen-remodel/caldwell,1366,True,5,0,0,0,b3aec932d4273fb2db8d361e9fce504474de35fa,34520728076
/services/kitchen-remodel/caldwell,1440,True,5,0,0,0,b3aec932d4273fb2db8d361e9fce504474de35fa,34520728076
/services/kitchen-remodel/caldwell,1920,True,5,0,0,0,b3aec932d4273fb2db8d361e9fce504474de35fa,34520728076
/services/kitchen-remodel/eagle,320,True,6,0,0,0,b3aec932d4273fb2db8d361e9fce504474de35fa,34520728076
/services/kitchen-remodel/eagle,390,True,6,0,0,0,b3aec932d4273fb2db8d361e9fce504474de35fa,34520728076
/services/kitchen-remodel/eagle,430,True,6,0,0,0,b3aec932d4273fb2db8d361e9fce504474de35fa,34520728076
/services/kitchen-remodel/eagle,600,True,6,0,0,0,b3aec932d4273fb2db8d361e9fce504474de35fa,34520728076
/services/kitchen-remodel/eagle,768,True,6,0,0,0,b3aec932d4273fb2db8d361e9fce504474de35fa,34520728076
/services/kitchen-remodel/eagle,1024,True,6,0,0,0,b3aec932d4273fb2db8d361e9fce504474de35fa,34520728076
/services/kitchen-remodel/eagle,1366,True,6,0,0,0,b3aec932d4273fb2db8d361e9fce504474de35fa,34520728076
/services/kitchen-remodel/eagle,1440,True,6,0,0,0,b3aec932d4273fb2db8d361e9fce504474de35fa,34520728076
/services/kitchen-remodel/eagle,1920,True,6,0,0,0,b3aec932d4273fb2db8d361e9fce504474de35fa,34520728076
/services/kitchen-remodel/kuna,320,True,5,0,0,0,b3aec932d4273fb2db8d361e9fce504474de35fa,34520728076
/services/kitchen-remodel/kuna,390,True,5,0,0,0,b3aec932d4273fb2db8d361e9fce504474de35fa,34520728076
/services/kitchen-remodel/kuna,430,True,5,0,0,0,b3aec932d4273fb2db8d361e9fce504474de35fa,34520728076
/services/kitchen-remodel/kuna,600,True,5,0,0,0,b3aec932d4273fb2db8d361e9fce504474de35fa,34520728076
/services/kitchen-remodel/kuna,768,True,5,0,0,0,b3aec932d4273fb2db8d361e9fce504474de35fa,34520728076
/services/kitchen-remodel/kuna,1024,True,5,0,0,0,b3aec932d4273fb2db8d361e9fce504474de35fa,34520728076
/services/kitchen-remodel/kuna,1366,True,5,0,0,0,b3aec932d4273fb2db8d361e9fce504474de35fa,34520728076
/services/kitchen-remodel/kuna,1440,True,5,0,0,0,b3aec932d4273fb2db8d361e9fce504474de35fa,34520728076
/services/kitchen-remodel/kuna,1920,True,5,0,0,0,b3aec932d4273fb2db8d361e9fce504474de35fa,34520728076
/services/kitchen-remodel/meridian,320,True,6,0,0,0,b3aec932d4273fb2db8d361e9fce504474de35fa,34520728076
/services/kitchen-remodel/meridian,390,True,6,0,0,0,b3aec932d4273fb2db8d361e9fce504474de35fa,34520728076
/services/kitchen-remodel/meridian,430,True,6,0,0,0,b3aec932d4273fb2db8d361e9fce504474de35fa,34520728076
/services/kitchen-remodel/meridian,600,True,6,0,0,0,b3aec932d4273fb2db8d361e9fce504474de35fa,34520728076
/services/kitchen-remodel/meridian,768,True,6,0,0,0,b3aec932d4273fb2db8d361e9fce504474de35fa,34520728076
/services/kitchen-remodel/meridian,1024,True,6,0,0,0,b3aec932d4273fb2db8d361e9fce504474de35fa,34520728076
/services/kitchen-remodel/meridian,1366,True,6,0,0,0,b3aec932d4273fb2db8d361e9fce504474de35fa,34520728076
/services/kitchen-remodel/meridian,1440,True,6,0,0,0,b3aec932d4273fb2db8d361e9fce504474de35fa,34520728076
/services/kitchen-remodel/meridian,1920,True,6,0,0,0,b3aec932d4273fb2db8d361e9fce504474de35fa,34520728076
/services/kitchen-remodel/middleton,320,True,5,0,0,0,b3aec932d4273fb2db8d361e9fce504474de35fa,34520728076
/services/kitchen-remodel/middleton,390,True,5,0,0,0,b3aec932d4273fb2db8d361e9fce504474de35fa,34520728076
/services/kitchen-remodel/middleton,430,True,5,0,0,0,b3aec932d4273fb2db8d361e9fce504474de35fa,34520728076
/services/kitchen-remodel/middleton,600,True,5,0,0,0,b3aec932d4273fb2db8d361e9fce504474de35fa,34520728076
/services/kitchen-remodel/middleton,768,True,5,0,0,0,b3aec932d4273fb2db8d361e9fce504474de35fa,34520728076
/services/kitchen-remodel/middleton,1024,True,5,0,0,0,b3aec932d4273fb2db8d361e9fce504474de35fa,34520728076
/services/kitchen-remodel/middleton,1366,True,5,0,0,0,b3aec932d4273fb2db8d361e9fce504474de35fa,34520728076
/services/kitchen-remodel/middleton,1440,True,5,0,0,0,b3aec932d4273fb2db8d361e9fce504474de35fa,34520728076
/services/kitchen-remodel/middleton,1920,True,5,0,0,0,b3aec932d4273fb2db8d361e9fce504474de35fa,34520728076
/services/kitchen-remodel/nampa,320,True,5,0,0,0,b3aec932d4273fb2db8d361e9fce504474de35fa,34520728076
/services/kitchen-remodel/nampa,390,True,5,0,0,0,b3aec932d4273fb2db8d361e9fce504474de35fa,34520728076
/services/kitchen-remodel/nampa,430,True,5,0,0,0,b3aec932d4273fb2db8d361e9fce504474de35fa,34520728076
/services/kitchen-remodel/nampa,600,True,5,0,0,0,b3aec932d4273fb2db8d361e9fce504474de35fa,34520728076
/services/kitchen-remodel/nampa,768,True,5,0,0,0,b3aec932d4273fb2db8d361e9fce504474de35fa,34520728076
/services/kitchen-remodel/nampa,1024,True,5,0,0,0,b3aec932d4273fb2db8d361e9fce504474de35fa,34520728076
/services/kitchen-remodel/nampa,1366,True,5,0,0,0,b3aec932d4273fb2db8d361e9fce504474de35fa,34520728076
/services/kitchen-remodel/nampa,1440,True,5,0,0,0,b3aec932d4273fb2db8d361e9fce504474de35fa,34520728076
/services/kitchen-remodel/nampa,1920,True,5,0,0,0,b3aec932d4273fb2db8d361e9fce504474de35fa,34520728076
/services/kitchen-remodel/star,320,True,5,0,0,0,b3aec932d4273fb2db8d361e9fce504474de35fa,34520728076
/services/kitchen-remodel/star,390,True,5,0,0,0,b3aec932d4273fb2db8d361e9fce504474de35fa,34520728076
/services/kitchen-remodel/star,430,True,5,0,0,0,b3aec932d4273fb2db8d361e9fce504474de35fa,34520728076
/services/kitchen-remodel/star,600,True,5,0,0,0,b3aec932d4273fb2db8d361e9fce504474de35fa,34520728076
/services/kitchen-remodel/star,768,True,5,0,0,0,b3aec932d4273fb2db8d361e9fce504474de35fa,34520728076
/services/kitchen-remodel/star,1024,True,5,0,0,0,b3aec932d4273fb2db8d361e9fce504474de35fa,34520728076
/services/kitchen-remodel/star,1366,True,5,0,0,0,b3aec932d4273fb2db8d361e9fce504474de35fa,34520728076
/services/kitchen-remodel/star,1440,True,5,0,0,0,b3aec932d4273fb2db8d361e9fce504474de35fa,34520728076
/services/kitchen-remodel/star,1920,True,5,0,0,0,b3aec932d4273fb2db8d361e9fce504474de35fa,34520728076
/services/outdoor-living,320,True,6,0,0,0,b3aec932d4273fb2db8d361e9fce504474de35fa,34520728076
/services/outdoor-living,390,True,6,0,0,0,b3aec932d4273fb2db8d361e9fce504474de35fa,34520728076
/services/outdoor-living,430,True,6,0,0,0,b3aec932d4273fb2db8d361e9fce504474de35fa,34520728076
/services/outdoor-living,600,True,6,0,0,0,b3aec932d4273fb2db8d361e9fce504474de35fa,34520728076
/services/outdoor-living,768,True,6,0,0,0,b3aec932d4273fb2db8d361e9fce504474de35fa,34520728076
/services/outdoor-living,1024,True,6,0,0,0,b3aec932d4273fb2db8d361e9fce504474de35fa,34520728076
/services/outdoor-living,1366,True,6,0,0,0,b3aec932d4273fb2db8d361e9fce504474de35fa,34520728076
/services/outdoor-living,1440,True,6,0,0,0,b3aec932d4273fb2db8d361e9fce504474de35fa,34520728076
/services/outdoor-living,1920,True,6,0,0,0,b3aec932d4273fb2db8d361e9fce504474de35fa,34520728076
/services/outdoor-living/boise,320,True,6,0,0,0,b3aec932d4273fb2db8d361e9fce504474de35fa,34520728076
/services/outdoor-living/boise,390,True,6,0,0,0,b3aec932d4273fb2db8d361e9fce504474de35fa,34520728076
/services/outdoor-living/boise,430,True,6,0,0,0,b3aec932d4273fb2db8d361e9fce504474de35fa,34520728076
/services/outdoor-living/boise,600,True,6,0,0,0,b3aec932d4273fb2db8d361e9fce504474de35fa,34520728076
/services/outdoor-living/boise,768,True,6,0,0,0,b3aec932d4273fb2db8d361e9fce504474de35fa,34520728076
/services/outdoor-living/boise,1024,True,6,0,0,0,b3aec932d4273fb2db8d361e9fce504474de35fa,34520728076
/services/outdoor-living/boise,1366,True,6,0,0,0,b3aec932d4273fb2db8d361e9fce504474de35fa,34520728076
/services/outdoor-living/boise,1440,True,6,0,0,0,b3aec932d4273fb2db8d361e9fce504474de35fa,34520728076
/services/outdoor-living/boise,1920,True,6,0,0,0,b3aec932d4273fb2db8d361e9fce504474de35fa,34520728076
/services/outdoor-living/caldwell,320,True,5,0,0,0,b3aec932d4273fb2db8d361e9fce504474de35fa,34520728076
/services/outdoor-living/caldwell,390,True,5,0,0,0,b3aec932d4273fb2db8d361e9fce504474de35fa,34520728076
/services/outdoor-living/caldwell,430,True,5,0,0,0,b3aec932d4273fb2db8d361e9fce504474de35fa,34520728076
/services/outdoor-living/caldwell,600,True,5,0,0,0,b3aec932d4273fb2db8d361e9fce504474de35fa,34520728076
/services/outdoor-living/caldwell,768,True,5,0,0,0,b3aec932d4273fb2db8d361e9fce504474de35fa,34520728076
/services/outdoor-living/caldwell,1024,True,5,0,0,0,b3aec932d4273fb2db8d361e9fce504474de35fa,34520728076
/services/outdoor-living/caldwell,1366,True,5,0,0,0,b3aec932d4273fb2db8d361e9fce504474de35fa,34520728076
/services/outdoor-living/caldwell,1440,True,5,0,0,0,b3aec932d4273fb2db8d361e9fce504474de35fa,34520728076
/services/outdoor-living/caldwell,1920,True,5,0,0,0,b3aec932d4273fb2db8d361e9fce504474de35fa,34520728076
/services/outdoor-living/eagle,320,True,6,0,0,0,b3aec932d4273fb2db8d361e9fce504474de35fa,34520728076
/services/outdoor-living/eagle,390,True,6,0,0,0,b3aec932d4273fb2db8d361e9fce504474de35fa,34520728076
/services/outdoor-living/eagle,430,True,6,0,0,0,b3aec932d4273fb2db8d361e9fce504474de35fa,34520728076
/services/outdoor-living/eagle,600,True,6,0,0,0,b3aec932d4273fb2db8d361e9fce504474de35fa,34520728076
/services/outdoor-living/eagle,768,True,6,0,0,0,b3aec932d4273fb2db8d361e9fce504474de35fa,34520728076
/services/outdoor-living/eagle,1024,True,6,0,0,0,b3aec932d4273fb2db8d361e9fce504474de35fa,34520728076
/services/outdoor-living/eagle,1366,True,6,0,0,0,b3aec932d4273fb2db8d361e9fce504474de35fa,34520728076
/services/outdoor-living/eagle,1440,True,6,0,0,0,b3aec932d4273fb2db8d361e9fce504474de35fa,34520728076
/services/outdoor-living/eagle,1920,True,6,0,0,0,b3aec932d4273fb2db8d361e9fce504474de35fa,34520728076
/services/outdoor-living/kuna,320,True,5,0,0,0,b3aec932d4273fb2db8d361e9fce504474de35fa,34520728076
/services/outdoor-living/kuna,390,True,5,0,0,0,b3aec932d4273fb2db8d361e9fce504474de35fa,34520728076
/services/outdoor-living/kuna,430,True,5,0,0,0,b3aec932d4273fb2db8d361e9fce504474de35fa,34520728076
/services/outdoor-living/kuna,600,True,5,0,0,0,b3aec932d4273fb2db8d361e9fce504474de35fa,34520728076
/services/outdoor-living/kuna,768,True,5,0,0,0,b3aec932d4273fb2db8d361e9fce504474de35fa,34520728076
/services/outdoor-living/kuna,1024,True,5,0,0,0,b3aec932d4273fb2db8d361e9fce504474de35fa,34520728076
/services/outdoor-living/kuna,1366,True,5,0,0,0,b3aec932d4273fb2db8d361e9fce504474de35fa,34520728076
/services/outdoor-living/kuna,1440,True,5,0,0,0,b3aec932d4273fb2db8d361e9fce504474de35fa,34520728076
/services/outdoor-living/kuna,1920,True,5,0,0,0,b3aec932d4273fb2db8d361e9fce504474de35fa,34520728076
/services/outdoor-living/meridian,320,True,6,0,0,0,b3aec932d4273fb2db8d361e9fce504474de35fa,34520728076
/services/outdoor-living/meridian,390,True,6,0,0,0,b3aec932d4273fb2db8d361e9fce504474de35fa,34520728076
/services/outdoor-living/meridian,430,True,6,0,0,0,b3aec932d4273fb2db8d361e9fce504474de35fa,34520728076
/services/outdoor-living/meridian,600,True,6,0,0,0,b3aec932d4273fb2db8d361e9fce504474de35fa,34520728076
/services/outdoor-living/meridian,768,True,6,0,0,0,b3aec932d4273fb2db8d361e9fce504474de35fa,34520728076
/services/outdoor-living/meridian,1024,True,6,0,0,0,b3aec932d4273fb2db8d361e9fce504474de35fa,34520728076
/services/outdoor-living/meridian,1366,True,6,0,0,0,b3aec932d4273fb2db8d361e9fce504474de35fa,34520728076
/services/outdoor-living/meridian,1440,True,6,0,0,0,b3aec932d4273fb2db8d361e9fce504474de35fa,34520728076
/services/outdoor-living/meridian,1920,True,6,0,0,0,b3aec932d4273fb2db8d361e9fce504474de35fa,34520728076
/services/outdoor-living/middleton,320,True,5,0,0,0,b3aec932d4273fb2db8d361e9fce504474de35fa,34520728076
/services/outdoor-living/middleton,390,True,5,0,0,0,b3aec932d4273fb2db8d361e9fce504474de35fa,34520728076
/services/outdoor-living/middleton,430,True,5,0,0,0,b3aec932d4273fb2db8d361e9fce504474de35fa,34520728076
/services/outdoor-living/middleton,600,True,5,0,0,0,b3aec932d4273fb2db8d361e9fce504474de35fa,34520728076
/services/outdoor-living/middleton,768,True,5,0,0,0,b3aec932d4273fb2db8d361e9fce504474de35fa,34520728076
/services/outdoor-living/middleton,1024,True,5,0,0,0,b3aec932d4273fb2db8d361e9fce504474de35fa,34520728076
/services/outdoor-living/middleton,1366,True,5,0,0,0,b3aec932d4273fb2db8d361e9fce504474de35fa,34520728076
/services/outdoor-living/middleton,1440,True,5,0,0,0,b3aec932d4273fb2db8d361e9fce504474de35fa,34520728076
/services/outdoor-living/middleton,1920,True,5,0,0,0,b3aec932d4273fb2db8d361e9fce504474de35fa,34520728076
/services/outdoor-living/nampa,320,True,5,0,0,0,b3aec932d4273fb2db8d361e9fce504474de35fa,34520728076
/services/outdoor-living/nampa,390,True,5,0,0,0,b3aec932d4273fb2db8d361e9fce504474de35fa,34520728076
/services/outdoor-living/nampa,430,True,5,0,0,0,b3aec932d4273fb2db8d361e9fce504474de35fa,34520728076
/services/outdoor-living/nampa,600,True,5,0,0,0,b3aec932d4273fb2db8d361e9fce504474de35fa,34520728076
/services/outdoor-living/nampa,768,True,5,0,0,0,b3aec932d4273fb2db8d361e9fce504474de35fa,34520728076
/services/outdoor-living/nampa,1024,True,5,0,0,0,b3aec932d4273fb2db8d361e9fce504474de35fa,34520728076
/services/outdoor-living/nampa,1366,True,5,0,0,0,b3aec932d4273fb2db8d361e9fce504474de35fa,34520728076
/services/outdoor-living/nampa,1440,True,5,0,0,0,b3aec932d4273fb2db8d361e9fce504474de35fa,34520728076
/services/outdoor-living/nampa,1920,True,5,0,0,0,b3aec932d4273fb2db8d361e9fce504474de35fa,34520728076
/services/outdoor-living/star,320,True,5,0,0,0,b3aec932d4273fb2db8d361e9fce504474de35fa,34520728076
/services/outdoor-living/star,390,True,5,0,0,0,b3aec932d4273fb2db8d361e9fce504474de35fa,34520728076
/services/outdoor-living/star,430,True,5,0,0,0,b3aec932d4273fb2db8d361e9fce504474de35fa,34520728076
/services/outdoor-living/star,600,True,5,0,0,0,b3aec932d4273fb2db8d361e9fce504474de35fa,34520728076
/services/outdoor-living/star,768,True,5,0,0,0,b3aec932d4273fb2db8d361e9fce504474de35fa,34520728076
/services/outdoor-living/star,1024,True,5,0,0,0,b3aec932d4273fb2db8d361e9fce504474de35fa,34520728076
/services/outdoor-living/star,1366,True,5,0,0,0,b3aec932d4273fb2db8d361e9fce504474de35fa,34520728076
/services/outdoor-living/star,1440,True,5,0,0,0,b3aec932d4273fb2db8d361e9fce504474de35fa,34520728076
/services/outdoor-living/star,1920,True,5,0,0,0,b3aec932d4273fb2db8d361e9fce504474de35fa,34520728076
/services/room-addition,320,True,6,0,0,0,b3aec932d4273fb2db8d361e9fce504474de35fa,34520728076
/services/room-addition,390,True,6,0,0,0,b3aec932d4273fb2db8d361e9fce504474de35fa,34520728076
/services/room-addition,430,True,6,0,0,0,b3aec932d4273fb2db8d361e9fce504474de35fa,34520728076
/services/room-addition,600,True,6,0,0,0,b3aec932d4273fb2db8d361e9fce504474de35fa,34520728076
/services/room-addition,768,True,6,0,0,0,b3aec932d4273fb2db8d361e9fce504474de35fa,34520728076
/services/room-addition,1024,True,6,0,0,0,b3aec932d4273fb2db8d361e9fce504474de35fa,34520728076
/services/room-addition,1366,True,6,0,0,0,b3aec932d4273fb2db8d361e9fce504474de35fa,34520728076
/services/room-addition,1440,True,6,0,0,0,b3aec932d4273fb2db8d361e9fce504474de35fa,34520728076
/services/room-addition,1920,True,6,0,0,0,b3aec932d4273fb2db8d361e9fce504474de35fa,34520728076
/services/room-addition/boise,320,True,5,0,0,0,b3aec932d4273fb2db8d361e9fce504474de35fa,34520728076
/services/room-addition/boise,390,True,5,0,0,0,b3aec932d4273fb2db8d361e9fce504474de35fa,34520728076
/services/room-addition/boise,430,True,5,0,0,0,b3aec932d4273fb2db8d361e9fce504474de35fa,34520728076
/services/room-addition/boise,600,True,5,0,0,0,b3aec932d4273fb2db8d361e9fce504474de35fa,34520728076
/services/room-addition/boise,768,True,5,0,0,0,b3aec932d4273fb2db8d361e9fce504474de35fa,34520728076
/services/room-addition/boise,1024,True,5,0,0,0,b3aec932d4273fb2db8d361e9fce504474de35fa,34520728076
/services/room-addition/boise,1366,True,5,0,0,0,b3aec932d4273fb2db8d361e9fce504474de35fa,34520728076
/services/room-addition/boise,1440,True,5,0,0,0,b3aec932d4273fb2db8d361e9fce504474de35fa,34520728076
/services/room-addition/boise,1920,True,5,0,0,0,b3aec932d4273fb2db8d361e9fce504474de35fa,34520728076
/services/room-addition/caldwell,320,True,5,0,0,0,b3aec932d4273fb2db8d361e9fce504474de35fa,34520728076
/services/room-addition/caldwell,390,True,5,0,0,0,b3aec932d4273fb2db8d361e9fce504474de35fa,34520728076
/services/room-addition/caldwell,430,True,5,0,0,0,b3aec932d4273fb2db8d361e9fce504474de35fa,34520728076
/services/room-addition/caldwell,600,True,5,0,0,0,b3aec932d4273fb2db8d361e9fce504474de35fa,34520728076
/services/room-addition/caldwell,768,True,5,0,0,0,b3aec932d4273fb2db8d361e9fce504474de35fa,34520728076
/services/room-addition/caldwell,1024,True,5,0,0,0,b3aec932d4273fb2db8d361e9fce504474de35fa,34520728076
/services/room-addition/caldwell,1366,True,5,0,0,0,b3aec932d4273fb2db8d361e9fce504474de35fa,34520728076
/services/room-addition/caldwell,1440,True,5,0,0,0,b3aec932d4273fb2db8d361e9fce504474de35fa,34520728076
/services/room-addition/caldwell,1920,True,5,0,0,0,b3aec932d4273fb2db8d361e9fce504474de35fa,34520728076
/services/room-addition/eagle,320,True,6,0,0,0,b3aec932d4273fb2db8d361e9fce504474de35fa,34520728076
/services/room-addition/eagle,390,True,6,0,0,0,b3aec932d4273fb2db8d361e9fce504474de35fa,34520728076
/services/room-addition/eagle,430,True,6,0,0,0,b3aec932d4273fb2db8d361e9fce504474de35fa,34520728076
/services/room-addition/eagle,600,True,6,0,0,0,b3aec932d4273fb2db8d361e9fce504474de35fa,34520728076
/services/room-addition/eagle,768,True,6,0,0,0,b3aec932d4273fb2db8d361e9fce504474de35fa,34520728076
/services/room-addition/eagle,1024,True,6,0,0,0,b3aec932d4273fb2db8d361e9fce504474de35fa,34520728076
/services/room-addition/eagle,1366,True,6,0,0,0,b3aec932d4273fb2db8d361e9fce504474de35fa,34520728076
/services/room-addition/eagle,1440,True,6,0,0,0,b3aec932d4273fb2db8d361e9fce504474de35fa,34520728076
/services/room-addition/eagle,1920,True,6,0,0,0,b3aec932d4273fb2db8d361e9fce504474de35fa,34520728076
/services/room-addition/kuna,320,True,5,0,0,0,b3aec932d4273fb2db8d361e9fce504474de35fa,34520728076
/services/room-addition/kuna,390,True,5,0,0,0,b3aec932d4273fb2db8d361e9fce504474de35fa,34520728076
/services/room-addition/kuna,430,True,5,0,0,0,b3aec932d4273fb2db8d361e9fce504474de35fa,34520728076
/services/room-addition/kuna,600,True,5,0,0,0,b3aec932d4273fb2db8d361e9fce504474de35fa,34520728076
/services/room-addition/kuna,768,True,5,0,0,0,b3aec932d4273fb2db8d361e9fce504474de35fa,34520728076
/services/room-addition/kuna,1024,True,5,0,0,0,b3aec932d4273fb2db8d361e9fce504474de35fa,34520728076
/services/room-addition/kuna,1366,True,5,0,0,0,b3aec932d4273fb2db8d361e9fce504474de35fa,34520728076
/services/room-addition/kuna,1440,True,5,0,0,0,b3aec932d4273fb2db8d361e9fce504474de35fa,34520728076
/services/room-addition/kuna,1920,True,5,0,0,0,b3aec932d4273fb2db8d361e9fce504474de35fa,34520728076
/services/room-addition/meridian,320,True,6,0,0,0,b3aec932d4273fb2db8d361e9fce504474de35fa,34520728076
/services/room-addition/meridian,390,True,6,0,0,0,b3aec932d4273fb2db8d361e9fce504474de35fa,34520728076
/services/room-addition/meridian,430,True,6,0,0,0,b3aec932d4273fb2db8d361e9fce504474de35fa,34520728076
/services/room-addition/meridian,600,True,6,0,0,0,b3aec932d4273fb2db8d361e9fce504474de35fa,34520728076
/services/room-addition/meridian,768,True,6,0,0,0,b3aec932d4273fb2db8d361e9fce504474de35fa,34520728076
/services/room-addition/meridian,1024,True,6,0,0,0,b3aec932d4273fb2db8d361e9fce504474de35fa,34520728076
/services/room-addition/meridian,1366,True,6,0,0,0,b3aec932d4273fb2db8d361e9fce504474de35fa,34520728076
/services/room-addition/meridian,1440,True,6,0,0,0,b3aec932d4273fb2db8d361e9fce504474de35fa,34520728076
/services/room-addition/meridian,1920,True,6,0,0,0,b3aec932d4273fb2db8d361e9fce504474de35fa,34520728076
/services/room-addition/middleton,320,True,5,0,0,0,b3aec932d4273fb2db8d361e9fce504474de35fa,34520728076
/services/room-addition/middleton,390,True,5,0,0,0,b3aec932d4273fb2db8d361e9fce504474de35fa,34520728076
/services/room-addition/middleton,430,True,5,0,0,0,b3aec932d4273fb2db8d361e9fce504474de35fa,34520728076
/services/room-addition/middleton,600,True,5,0,0,0,b3aec932d4273fb2db8d361e9fce504474de35fa,34520728076
/services/room-addition/middleton,768,True,5,0,0,0,b3aec932d4273fb2db8d361e9fce504474de35fa,34520728076
/services/room-addition/middleton,1024,True,5,0,0,0,b3aec932d4273fb2db8d361e9fce504474de35fa,34520728076
/services/room-addition/middleton,1366,True,5,0,0,0,b3aec932d4273fb2db8d361e9fce504474de35fa,34520728076
/services/room-addition/middleton,1440,True,5,0,0,0,b3aec932d4273fb2db8d361e9fce504474de35fa,34520728076
/services/room-addition/middleton,1920,True,5,0,0,0,b3aec932d4273fb2db8d361e9fce504474de35fa,34520728076
/services/room-addition/nampa,320,True,6,0,0,0,b3aec932d4273fb2db8d361e9fce504474de35fa,34520728076
/services/room-addition/nampa,390,True,6,0,0,0,b3aec932d4273fb2db8d361e9fce504474de35fa,34520728076
/services/room-addition/nampa,430,True,6,0,0,0,b3aec932d4273fb2db8d361e9fce504474de35fa,34520728076
/services/room-addition/nampa,600,True,6,0,0,0,b3aec932d4273fb2db8d361e9fce504474de35fa,34520728076
/services/room-addition/nampa,768,True,6,0,0,0,b3aec932d4273fb2db8d361e9fce504474de35fa,34520728076
/services/room-addition/nampa,1024,True,6,0,0,0,b3aec932d4273fb2db8d361e9fce504474de35fa,34520728076
/services/room-addition/nampa,1366,True,6,0,0,0,b3aec932d4273fb2db8d361e9fce504474de35fa,34520728076
/services/room-addition/nampa,1440,True,6,0,0,0,b3aec932d4273fb2db8d361e9fce504474de35fa,34520728076
/services/room-addition/nampa,1920,True,6,0,0,0,b3aec932d4273fb2db8d361e9fce504474de35fa,34520728076
/services/room-addition/star,320,True,5,0,0,0,b3aec932d4273fb2db8d361e9fce504474de35fa,34520728076
/services/room-addition/star,390,True,5,0,0,0,b3aec932d4273fb2db8d361e9fce504474de35fa,34520728076
/services/room-addition/star,430,True,5,0,0,0,b3aec932d4273fb2db8d361e9fce504474de35fa,34520728076
/services/room-addition/star,600,True,5,0,0,0,b3aec932d4273fb2db8d361e9fce504474de35fa,34520728076
/services/room-addition/star,768,True,5,0,0,0,b3aec932d4273fb2db8d361e9fce504474de35fa,34520728076
/services/room-addition/star,1024,True,5,0,0,0,b3aec932d4273fb2db8d361e9fce504474de35fa,34520728076
/services/room-addition/star,1366,True,5,0,0,0,b3aec932d4273fb2db8d361e9fce504474de35fa,34520728076
/services/room-addition/star,1440,True,5,0,0,0,b3aec932d4273fb2db8d361e9fce504474de35fa,34520728076
/services/room-addition/star,1920,True,5,0,0,0,b3aec932d4273fb2db8d361e9fce504474de35fa,34520728076
/services/whole-home-remodel,320,True,6,0,0,0,b3aec932d4273fb2db8d361e9fce504474de35fa,34520728076
/services/whole-home-remodel,390,True,6,0,0,0,b3aec932d4273fb2db8d361e9fce504474de35fa,34520728076
/services/whole-home-remodel,430,True,6,0,0,0,b3aec932d4273fb2db8d361e9fce504474de35fa,34520728076
/services/whole-home-remodel,600,True,6,0,0,0,b3aec932d4273fb2db8d361e9fce504474de35fa,34520728076
/services/whole-home-remodel,768,True,6,0,0,0,b3aec932d4273fb2db8d361e9fce504474de35fa,34520728076
/services/whole-home-remodel,1024,True,6,0,0,0,b3aec932d4273fb2db8d361e9fce504474de35fa,34520728076
/services/whole-home-remodel,1366,True,6,0,0,0,b3aec932d4273fb2db8d361e9fce504474de35fa,34520728076
/services/whole-home-remodel,1440,True,6,0,0,0,b3aec932d4273fb2db8d361e9fce504474de35fa,34520728076
/services/whole-home-remodel,1920,True,6,0,0,0,b3aec932d4273fb2db8d361e9fce504474de35fa,34520728076
/services/whole-home-remodel/boise,320,True,5,0,0,0,b3aec932d4273fb2db8d361e9fce504474de35fa,34520728076
/services/whole-home-remodel/boise,390,True,5,0,0,0,b3aec932d4273fb2db8d361e9fce504474de35fa,34520728076
/services/whole-home-remodel/boise,430,True,5,0,0,0,b3aec932d4273fb2db8d361e9fce504474de35fa,34520728076
/services/whole-home-remodel/boise,600,True,5,0,0,0,b3aec932d4273fb2db8d361e9fce504474de35fa,34520728076
/services/whole-home-remodel/boise,768,True,5,0,0,0,b3aec932d4273fb2db8d361e9fce504474de35fa,34520728076
/services/whole-home-remodel/boise,1024,True,5,0,0,0,b3aec932d4273fb2db8d361e9fce504474de35fa,34520728076
/services/whole-home-remodel/boise,1366,True,5,0,0,0,b3aec932d4273fb2db8d361e9fce504474de35fa,34520728076
/services/whole-home-remodel/boise,1440,True,5,0,0,0,b3aec932d4273fb2db8d361e9fce504474de35fa,34520728076
/services/whole-home-remodel/boise,1920,True,5,0,0,0,b3aec932d4273fb2db8d361e9fce504474de35fa,34520728076
/services/whole-home-remodel/caldwell,320,True,5,0,0,0,b3aec932d4273fb2db8d361e9fce504474de35fa,34520728076
/services/whole-home-remodel/caldwell,390,True,5,0,0,0,b3aec932d4273fb2db8d361e9fce504474de35fa,34520728076
/services/whole-home-remodel/caldwell,430,True,5,0,0,0,b3aec932d4273fb2db8d361e9fce504474de35fa,34520728076
/services/whole-home-remodel/caldwell,600,True,5,0,0,0,b3aec932d4273fb2db8d361e9fce504474de35fa,34520728076
/services/whole-home-remodel/caldwell,768,True,5,0,0,0,b3aec932d4273fb2db8d361e9fce504474de35fa,34520728076
/services/whole-home-remodel/caldwell,1024,True,5,0,0,0,b3aec932d4273fb2db8d361e9fce504474de35fa,34520728076
/services/whole-home-remodel/caldwell,1366,True,5,0,0,0,b3aec932d4273fb2db8d361e9fce504474de35fa,34520728076
/services/whole-home-remodel/caldwell,1440,True,5,0,0,0,b3aec932d4273fb2db8d361e9fce504474de35fa,34520728076
/services/whole-home-remodel/caldwell,1920,True,5,0,0,0,b3aec932d4273fb2db8d361e9fce504474de35fa,34520728076
/services/whole-home-remodel/eagle,320,True,6,0,0,0,b3aec932d4273fb2db8d361e9fce504474de35fa,34520728076
/services/whole-home-remodel/eagle,390,True,6,0,0,0,b3aec932d4273fb2db8d361e9fce504474de35fa,34520728076
/services/whole-home-remodel/eagle,430,True,6,0,0,0,b3aec932d4273fb2db8d361e9fce504474de35fa,34520728076
/services/whole-home-remodel/eagle,600,True,6,0,0,0,b3aec932d4273fb2db8d361e9fce504474de35fa,34520728076
/services/whole-home-remodel/eagle,768,True,6,0,0,0,b3aec932d4273fb2db8d361e9fce504474de35fa,34520728076
/services/whole-home-remodel/eagle,1024,True,6,0,0,0,b3aec932d4273fb2db8d361e9fce504474de35fa,34520728076
/services/whole-home-remodel/eagle,1366,True,6,0,0,0,b3aec932d4273fb2db8d361e9fce504474de35fa,34520728076
/services/whole-home-remodel/eagle,1440,True,6,0,0,0,b3aec932d4273fb2db8d361e9fce504474de35fa,34520728076
/services/whole-home-remodel/eagle,1920,True,6,0,0,0,b3aec932d4273fb2db8d361e9fce504474de35fa,34520728076
/services/whole-home-remodel/kuna,320,True,5,0,0,0,b3aec932d4273fb2db8d361e9fce504474de35fa,34520728076
/services/whole-home-remodel/kuna,390,True,5,0,0,0,b3aec932d4273fb2db8d361e9fce504474de35fa,34520728076
/services/whole-home-remodel/kuna,430,True,5,0,0,0,b3aec932d4273fb2db8d361e9fce504474de35fa,34520728076
/services/whole-home-remodel/kuna,600,True,5,0,0,0,b3aec932d4273fb2db8d361e9fce504474de35fa,34520728076
/services/whole-home-remodel/kuna,768,True,5,0,0,0,b3aec932d4273fb2db8d361e9fce504474de35fa,34520728076
/services/whole-home-remodel/kuna,1024,True,5,0,0,0,b3aec932d4273fb2db8d361e9fce504474de35fa,34520728076
/services/whole-home-remodel/kuna,1366,True,5,0,0,0,b3aec932d4273fb2db8d361e9fce504474de35fa,34520728076
/services/whole-home-remodel/kuna,1440,True,5,0,0,0,b3aec932d4273fb2db8d361e9fce504474de35fa,34520728076
/services/whole-home-remodel/kuna,1920,True,5,0,0,0,b3aec932d4273fb2db8d361e9fce504474de35fa,34520728076
/services/whole-home-remodel/meridian,320,True,6,0,0,0,b3aec932d4273fb2db8d361e9fce504474de35fa,34520728076
/services/whole-home-remodel/meridian,390,True,6,0,0,0,b3aec932d4273fb2db8d361e9fce504474de35fa,34520728076
/services/whole-home-remodel/meridian,430,True,6,0,0,0,b3aec932d4273fb2db8d361e9fce504474de35fa,34520728076
/services/whole-home-remodel/meridian,600,True,6,0,0,0,b3aec932d4273fb2db8d361e9fce504474de35fa,34520728076
/services/whole-home-remodel/meridian,768,True,6,0,0,0,b3aec932d4273fb2db8d361e9fce504474de35fa,34520728076
/services/whole-home-remodel/meridian,1024,True,6,0,0,0,b3aec932d4273fb2db8d361e9fce504474de35fa,34520728076
/services/whole-home-remodel/meridian,1366,True,6,0,0,0,b3aec932d4273fb2db8d361e9fce504474de35fa,34520728076
/services/whole-home-remodel/meridian,1440,True,6,0,0,0,b3aec932d4273fb2db8d361e9fce504474de35fa,34520728076
/services/whole-home-remodel/meridian,1920,True,6,0,0,0,b3aec932d4273fb2db8d361e9fce504474de35fa,34520728076
/services/whole-home-remodel/middleton,320,True,5,0,0,0,b3aec932d4273fb2db8d361e9fce504474de35fa,34520728076
/services/whole-home-remodel/middleton,390,True,5,0,0,0,b3aec932d4273fb2db8d361e9fce504474de35fa,34520728076
/services/whole-home-remodel/middleton,430,True,5,0,0,0,b3aec932d4273fb2db8d361e9fce504474de35fa,34520728076
/services/whole-home-remodel/middleton,600,True,5,0,0,0,b3aec932d4273fb2db8d361e9fce504474de35fa,34520728076
/services/whole-home-remodel/middleton,768,True,5,0,0,0,b3aec932d4273fb2db8d361e9fce504474de35fa,34520728076
/services/whole-home-remodel/middleton,1024,True,5,0,0,0,b3aec932d4273fb2db8d361e9fce504474de35fa,34520728076
/services/whole-home-remodel/middleton,1366,True,5,0,0,0,b3aec932d4273fb2db8d361e9fce504474de35fa,34520728076
/services/whole-home-remodel/middleton,1440,True,5,0,0,0,b3aec932d4273fb2db8d361e9fce504474de35fa,34520728076
/services/whole-home-remodel/middleton,1920,True,5,0,0,0,b3aec932d4273fb2db8d361e9fce504474de35fa,34520728076
/services/whole-home-remodel/nampa,320,True,5,0,0,0,b3aec932d4273fb2db8d361e9fce504474de35fa,34520728076
/services/whole-home-remodel/nampa,390,True,5,0,0,0,b3aec932d4273fb2db8d361e9fce504474de35fa,34520728076
/services/whole-home-remodel/nampa,430,True,5,0,0,0,b3aec932d4273fb2db8d361e9fce504474de35fa,34520728076
/services/whole-home-remodel/nampa,600,True,5,0,0,0,b3aec932d4273fb2db8d361e9fce504474de35fa,34520728076
/services/whole-home-remodel/nampa,768,True,5,0,0,0,b3aec932d4273fb2db8d361e9fce504474de35fa,34520728076
/services/whole-home-remodel/nampa,1024,True,5,0,0,0,b3aec932d4273fb2db8d361e9fce504474de35fa,34520728076
/services/whole-home-remodel/nampa,1366,True,5,0,0,0,b3aec932d4273fb2db8d361e9fce504474de35fa,34520728076
/services/whole-home-remodel/nampa,1440,True,5,0,0,0,b3aec932d4273fb2db8d361e9fce504474de35fa,34520728076
/services/whole-home-remodel/nampa,1920,True,5,0,0,0,b3aec932d4273fb2db8d361e9fce504474de35fa,34520728076
/services/whole-home-remodel/star,320,True,5,0,0,0,b3aec932d4273fb2db8d361e9fce504474de35fa,34520728076
/services/whole-home-remodel/star,390,True,5,0,0,0,b3aec932d4273fb2db8d361e9fce504474de35fa,34520728076
/services/whole-home-remodel/star,430,True,5,0,0,0,b3aec932d4273fb2db8d361e9fce504474de35fa,34520728076
/services/whole-home-remodel/star,600,True,5,0,0,0,b3aec932d4273fb2db8d361e9fce504474de35fa,34520728076
/services/whole-home-remodel/star,768,True,5,0,0,0,b3aec932d4273fb2db8d361e9fce504474de35fa,34520728076
/services/whole-home-remodel/star,1024,True,5,0,0,0,b3aec932d4273fb2db8d361e9fce504474de35fa,34520728076
/services/whole-home-remodel/star,1366,True,5,0,0,0,b3aec932d4273fb2db8d361e9fce504474de35fa,34520728076
/services/whole-home-remodel/star,1440,True,5,0,0,0,b3aec932d4273fb2db8d361e9fce504474de35fa,34520728076
/services/whole-home-remodel/star,1920,True,5,0,0,0,b3aec932d4273fb2db8d361e9fce504474de35fa,34520728076
/sitemap,320,True,2,0,0,0,b3aec932d4273fb2db8d361e9fce504474de35fa,34520728076
/sitemap,390,True,2,0,0,0,b3aec932d4273fb2db8d361e9fce504474de35fa,34520728076
/sitemap,430,True,2,0,0,0,b3aec932d4273fb2db8d361e9fce504474de35fa,34520728076
/sitemap,600,True,2,0,0,0,b3aec932d4273fb2db8d361e9fce504474de35fa,34520728076
/sitemap,768,True,2,0,0,0,b3aec932d4273fb2db8d361e9fce504474de35fa,34520728076
/sitemap,1024,True,2,0,0,0,b3aec932d4273fb2db8d361e9fce504474de35fa,34520728076
/sitemap,1366,True,2,0,0,0,b3aec932d4273fb2db8d361e9fce504474de35fa,34520728076
/sitemap,1440,True,2,0,0,0,b3aec932d4273fb2db8d361e9fce504474de35fa,34520728076
/sitemap,1920,True,2,0,0,0,b3aec932d4273fb2db8d361e9fce504474de35fa,34520728076
/terms-of-service,320,True,2,0,0,0,b3aec932d4273fb2db8d361e9fce504474de35fa,34520728076
/terms-of-service,390,True,2,0,0,0,b3aec932d4273fb2db8d361e9fce504474de35fa,34520728076
/terms-of-service,430,True,2,0,0,0,b3aec932d4273fb2db8d361e9fce504474de35fa,34520728076
/terms-of-service,600,True,2,0,0,0,b3aec932d4273fb2db8d361e9fce504474de35fa,34520728076
/terms-of-service,768,True,2,0,0,0,b3aec932d4273fb2db8d361e9fce504474de35fa,34520728076
/terms-of-service,1024,True,2,0,0,0,b3aec932d4273fb2db8d361e9fce504474de35fa,34520728076
/terms-of-service,1366,True,2,0,0,0,b3aec932d4273fb2db8d361e9fce504474de35fa,34520728076
/terms-of-service,1440,True,2,0,0,0,b3aec932d4273fb2db8d361e9fce504474de35fa,34520728076
/terms-of-service,1920,True,2,0,0,0,b3aec932d4273fb2db8d361e9fce504474de35fa,34520728076
/testimonials,320,True,24,0,0,0,402275ed2355b4de73e0f7d71330a7c0252ec51f,34523180743
/testimonials,390,True,24,0,0,0,402275ed2355b4de73e0f7d71330a7c0252ec51f,34523180743
/testimonials,430,True,24,0,0,0,402275ed2355b4de73e0f7d71330a7c0252ec51f,34523180743
/testimonials,600,True,24,0,0,0,402275ed2355b4de73e0f7d71330a7c0252ec51f,34523180743
/testimonials,768,True,24,0,0,0,402275ed2355b4de73e0f7d71330a7c0252ec51f,34523180743
/testimonials,1024,True,24,0,0,0,402275ed2355b4de73e0f7d71330a7c0252ec51f,34523180743
/testimonials,1366,True,24,0,0,0,402275ed2355b4de73e0f7d71330a7c0252ec51f,34523180743
/testimonials,1440,True,24,0,0,0,402275ed2355b4de73e0f7d71330a7c0252ec51f,34523180743
/testimonials,1920,True,24,0,0,0,402275ed2355b4de73e0f7d71330a7c0252ec51f,34523180743
